split,metric,model,n,pearson,ci_lo_95,ci_hi_95
train,energia,A_baseline1_composition,126,-0.23092013655564247,-0.3863332436669322,-0.06946592392149056
train,energia,A_baseline2_onehot,126,-0.6591006168716547,-0.7523777805489665,-0.5498044528336342
train,energia,A_mlp_production,126,-0.8357846405432763,-0.8765224345003483,-0.7870419789305169
train,energia,B_baseline1_composition,126,-0.09063306761560783,-0.2715933234710454,0.10640731888771916
train,energia,B_baseline2_onehot,126,-0.07005067713683125,-0.2442170558733689,0.10480220436457971
train,selectivity,A_baseline1_composition,126,0.23777927903601806,0.07757351429972982,0.39339117471400703
train,selectivity,A_baseline2_onehot,126,0.6567696554019011,0.5480960581515347,0.7535531533507357
train,selectivity,A_mlp_production,126,0.8467825475925617,0.7960852991400686,0.8883036865893001
train,selectivity,B_baseline1_composition,126,0.09219260948100003,-0.1031378231477108,0.2722358599459219
train,selectivity,B_baseline2_onehot,126,0.07058133408937499,-0.10420191444285742,0.23823764575882544
test,energia,A_baseline1_composition,19,0.05214764662161219,-0.5997293657238935,0.3755163212293683
test,energia,A_baseline2_onehot,19,-0.010475834773491953,-0.4959478104838015,0.2946053421780127
test,energia,A_mlp_production,19,-0.33923973513761263,-0.6727547520194345,0.11545669509453174
test,energia,B_baseline1_composition,19,-0.12290669398188199,-0.5614562135813175,0.30681914218678247
test,energia,B_baseline2_onehot,19,-0.361748130910429,-0.6298833128412207,0.03873584264303288
test,selectivity,A_baseline1_composition,19,-0.06325233141700189,-0.36214647345987155,0.6043841460856031
test,selectivity,A_baseline2_onehot,19,0.00040787306502850055,-0.29353879061851834,0.5038626035085996
test,selectivity,A_mlp_production,19,0.33918111185802696,-0.12927535843486387,0.6735240593847792
test,selectivity,B_baseline1_composition,19,0.12231099247853283,-0.3238383853224905,0.5622559118076641
test,selectivity,B_baseline2_onehot,19,0.36017050722871746,-0.04813704866136758,0.6282803763537881
