replica,n_kept_sequences,n_dropped,mu,sigma
random_split_Fonly_10pct_1,11638,0,6.176246643066406,3.894219398498535
random_split_Fonly_10pct_2,11652,0,6.229701519012451,3.520062208175659
random_split_Fonly_10pct_3,11277,0,9.2929048538208,6.5167131423950195
random_split_Fonly_10pct_4,11701,0,5.1226959228515625,2.7987561225891113
random_split_Fonly_10pct_5,11622,0,6.750596046447754,4.191051959991455
random_split_Fonly_10pct_6,11324,0,7.200318336486816,4.188015460968018
random_split_Fonly_10pct_7,11324,0,7.466855525970459,4.625782489776611
random_split_Fonly_10pct_8,11618,0,7.205935001373291,4.086964130401611
random_split_Fonly_10pct_9,11327,0,6.483287811279297,3.921156167984009
random_split_Fonly_10pct_10,11345,0,7.122298717498779,4.13900089263916
