amino_acid,mean_gradient_training_complete,rank_training_complete,mean_gradient_training_cluster0_excluded,rank_training_cluster0_excluded
W,0.1699515,1,0.15728556,1
C,0.35527626,2,0.5261999,7
Y,0.3594114,3,0.665086,11
A,0.44246787,4,0.68914306,12
K,0.45148692,5,0.59684,8
N,0.46138877,6,0.4876083,4
I,0.5251632,7,0.5208852,6
S,0.5341479,8,0.5175878,5
G,0.5466624,9,0.64224255,9
L,0.570509,10,0.9014795,19
R,0.6273493,11,0.2597996,2
H,0.63619804,12,0.8746811,18
E,0.65081096,13,0.74614805,13
T,0.667245,14,0.74630183,14
Q,0.6987282,15,0.77379715,16
P,0.7001723,16,0.6531676,10
V,0.7555615,17,0.79194355,17
F,0.75926876,18,0.41853467,3
M,0.8439837,19,0.76981676,15
D,0.8849432,20,0.94473445,20
