rank,seq,composite,colab_iptm,af3_iptm_cross,af3_ranking_score,af3_pae_min_cross,energy,colab_plddt,n_runs,protocols,sources
1,AWIWWCMDGNYYKFS,0.9521739130434783,0.7827246189117432,0.91,0.96,2.01,-7.168623447418213,0.6157953143119812,1,gen_energy_C,run_multimer2
2,EHMPRYWQFCRAWFL,0.8444948272914692,0.7392,0.81,0.87,3.62,2.9428,0.53,2,opt_anneal_noenergy,run2_wide|run_multimer
3,AISGPALEVLYCIFC,0.8133314728041225,0.6783,0.82,0.88,3.77,-6.4367,0.498,4,gen_energy_C,run1_protocols|run2_wide
4,RYAYLMDHFLNQEVL,0.7928485449761346,0.6993513107299805,,,,9.351338386535645,0.5529466271400452,1,opt_anneal_noenergy,run1_protocols
5,DWKRAWRHVWWQFDC,0.7778065863919976,0.7098471522331238,0.75,0.83,5.51,-5.467110633850098,0.42520689964294434,1,gen_energy_C,run_multimer2
6,NDNWRWWDNFWQDDA,0.7772511315956889,0.7586,0.71,0.8,4.82,-4.15,0.521333,1,gen_energy_C,run_multimer
7,TAKNAVADVWWQCDC,0.7665939212896156,0.6789228916168213,,,,-4.977974891662598,0.4708365201950073,1,gen_energy_D,run_multimer2
8,TAIRRSWCVFWQEFC,0.7654073057477071,0.7773818373680115,0.68,0.77,5.46,-4.0814714431762695,0.45118749141693115,1,gen_energy_E,run_multimer2
9,NHNWWWWMNFWQRDC,0.7360304788376492,0.6551418304443359,,,,-5.313458442687988,0.4839940667152405,1,gen_energy_C,run_multimer2
10,DAMNRVQQVNWFCFG,0.7171023401385492,0.7394236922264099,0.65,0.74,4.27,-5.08315896987915,0.43509238958358765,1,gen_energy_C,run_multimer2
11,NAKRAWADVWWQKDC,0.7057562928865065,0.6315858364105225,,,,-5.39201021194458,0.3825013041496277,1,gen_energy_E,run_multimer2
12,NHSRAWWHVWWQRGC,0.7008957725005792,0.6278039216995239,,,,-5.437642574310303,0.37896841764450073,1,gen_energy_D,run_multimer2
13,SHGYVYDALWNMEVL,0.6955153269767651,0.49495723843574524,0.82,0.88,3.83,-2.916034460067749,0.4095444679260254,1,opt_anneal_energy_C,run1_protocols
14,DAYRAWWHVWWQQEC,0.6845612832420697,0.6150942444801331,,,,-5.613016128540039,0.3842344880104065,1,gen_energy_E,run_multimer2
15,TAGNRWAVVMWQCGG,0.6492256540691761,0.5876,,,,-3.5921,0.341667,1,gen_energy_C,run_multimer
16,MVMNRYVFRARKEWL,0.6484545334981396,0.587,,,,-0.9553,0.292667,1,opt_anneal_energy_D,run_multimer2
17,LSPGALALCVLLMCD,0.645940101501931,0.5850435495376587,,,,11.810114860534668,0.48885291814804077,1,gen_colabonly,run1_protocols
18,TKGNAVTHVWWCCFG,0.6454224120335608,0.5846407413482666,,,,-2.608912706375122,0.4206204414367676,1,gen_energy_C,run_multimer2
19,DAKRAWWHVAWQRDC,0.6409939379041603,0.5811949968338013,,,,-5.395314693450928,0.36952704191207886,1,gen_energy_E,run_multimer2
20,WHGYWYAHRKRKKDL,0.6341888029339652,0.5759,,,,-4.1552,0.412,1,opt_anneal_energy_C,run_multimer2
21,TANWAWWDVWWQAFC,0.6327654484199245,0.5747925043106079,,,,-4.048926830291748,0.34327781200408936,1,gen_energy_C,run_multimer2
22,EGGGLDVLLNFLCFD,0.631006337657282,0.4814,0.75,0.83,4.89,-4.5532,0.444,1,gen_energy_A,run2_wide
23,TKGNHWMVVWWQWFC,0.6272079087275897,0.5704682469367981,,,,-3.6234376430511475,0.4020426273345947,1,gen_energy_E,run_multimer2
24,AIGPRHVMVFYCGFW,0.6241111324212353,0.5575,0.68,0.77,6.21,-6.5674,0.248,1,gen_energy_C,run_multimer
25,DAKRACWMLWWQRDC,0.6158683031766296,0.5616450309753418,,,,-5.524220943450928,0.4146800637245178,1,gen_energy_D,run_multimer2
26,WVMNRYWHRARKEWL,0.6150393087532265,0.561,,,,-3.2871,0.37,1,opt_anneal_energy_C,run_multimer2
27,DAGRWLWVVWWQRDC,0.6132113719068816,0.5595777034759521,,,,-5.213589191436768,0.36812955141067505,1,gen_energy_E,run_multimer2
28,NHNRAWWHSWWQRDW,0.6097859496638948,0.7708893418312073,0.49,0.61,11.57,-5.075160026550293,0.47277307510375977,1,gen_energy_C,run_multimer2
29,NGKKRACWVNWFGTC,0.6039865805683707,0.5524,,,,-6.0443,0.308333,1,gen_energy_C,run_multimer
30,FDCNVLAHRARKEVL,0.588821209337987,0.5406,,,,-4.6665,0.328,1,opt_anneal_energy_E,run_multimer2
31,MIGNRAQDVFWQGFW,0.5876087244064088,0.5396565794944763,,,,-5.126676082611084,0.3785473704338074,1,gen_energy_D,run_multimer2
32,VHLYMLEHRKRKKKC,0.5863793275297048,0.5387,,,,-5.9591,0.293,1,opt_anneal_energy_C,run_multimer2
33,ASGGGDALLCLLLDN,0.5843025746926777,0.5370841026306152,,,,2.4548890590667725,0.4406222105026245,1,gen_colabonly,run1_protocols
34,FHCNWADRFAKKESL,0.5823565268808959,0.7158,0.5,0.62,8.61,-4.11,0.374333,1,opt_anneal_energy_C,run_multimer2
35,FWVQRLEHRKQKKEC,0.5778970012483039,0.5321,,,,-7.2269,0.467,1,opt_anneal_energy_E,run_multimer2
36,LIGGPALEVLLCLFC,0.5736399378894711,0.429340660572052,0.72,0.8,5.02,-4.302906513214111,0.4274255037307739,4,gen_energy_C,run1_protocols|run2_wide
37,TINNAWRMVFWQRDA,0.5709514261186432,0.526695728302002,,,,-5.491898536682129,0.32361912727355957,1,gen_energy_D,run_multimer2
38,WHMNWYSRYIRKKQL,0.5572052659254924,0.516,,,,-4.1388,0.300333,1,opt_anneal_energy_C,run_multimer2
39,NDIWLFLLLELELDL,0.5545681401464089,0.5139480829238892,,,,-3.9107062816619873,0.42586618661880493,1,gen_energy_B,run1_protocols
40,EWYWITWDLWYQKDA,0.5490921070528232,0.5096872448921204,,,,-6.5924391746521,0.34762877225875854,1,gen_energy_C,run_multimer2
41,AASGPALEVLLCLFL,0.5478350362958009,0.5087091326713562,,,,-2.4985194206237793,0.44872957468032837,1,gen_energy_B,run1_protocols
42,DWTNVFVWPAGKKWA,0.5447388166937362,0.5063,,,,-4.4036,0.242667,1,opt_anneal_energy_E,run_multimer2
43,IWWEVACHRKRKGGG,0.5439234812401585,0.6808,0.48,0.61,9.27,-5.3796,0.304667,1,opt_anneal_energy_C,run_multimer2
44,FWVYRLEHRKRKKEL,0.5412687741240723,0.5036,,,,-6.3513,0.338333,1,opt_anneal_energy_E,run_multimer2
45,NIGIRAQVVNWCRFW,0.5412254180064555,0.5035662651062012,,,,-6.694794654846191,0.3456651568412781,1,gen_energy_D,run_multimer2
46,NWKRAWRDVAWIRTC,0.5411809877176638,0.5035316944122314,,,,-6.375376224517822,0.31198447942733765,1,gen_energy_C,run_multimer2
47,AWAEWWFDSNYGGFG,0.5265494041830181,0.4921470284461975,,,,-7.030686855316162,0.35914379358291626,1,gen_energy_D,run_multimer2
48,CVMNWDFWRARKERL,0.5236615210854064,0.4899,,,,1.1447,0.323667,1,opt_anneal_energy_C,run_multimer2
