amino_acid,mean_gradient_training,std_gradient_training,mean_gradient_bli,std_gradient_bli,rank_training
W,0.1699515,1.5440799,-0.017369894,1.2620181,1
C,0.35527626,1.6180515,0.20398128,1.2800653,2
Y,0.3594114,1.2405572,0.20860039,1.1607577,3
A,0.44246787,1.5093411,0.19407356,1.375632,4
K,0.45148692,1.5527726,0.20167273,1.2758957,5
N,0.46138877,1.5543151,0.2541536,1.315442,6
I,0.5251632,1.5454235,0.15659124,1.3203219,7
S,0.5341479,1.4477947,-0.02037624,1.1683966,8
G,0.5466624,1.2745289,0.43424016,1.1874394,9
L,0.570509,1.4920424,0.49342564,1.2265733,10
R,0.6273493,1.5543916,0.52976507,1.2730726,11
H,0.63619804,1.446599,0.6840595,1.3087573,12
E,0.65081096,1.4360342,0.6211104,1.2535253,13
T,0.667245,1.1405935,0.5723964,0.92811644,14
Q,0.6987282,1.4834195,0.51475,1.1991986,15
P,0.7001723,1.4379506,0.5132738,1.1043204,16
V,0.7555615,1.4561502,0.6273501,1.2837613,17
F,0.75926876,1.4578221,0.63535285,1.2052177,18
M,0.8439837,1.4423318,0.7146713,1.3367122,19
D,0.8849432,1.460726,0.74541306,1.3587981,20
