position,znl_interface,znl_relative_sasa,znl_buried,af3_interface,af3_frac_interface,af3_mean_max_contact,agree
1,True,0.4809086576150225,True,False,0.2571428571428571,0.3731428571428571,False
2,True,0.3847155770801351,True,False,0.34285714285714286,0.44485714285714284,False
3,True,0.05699294319426567,True,False,0.3142857142857143,0.48114285714285715,False
4,True,0.14468196307693157,True,False,0.42857142857142855,0.5034285714285714,False
5,True,0.04721825932283264,True,False,0.42857142857142855,0.5457142857142857,False
6,True,0.11743906657983448,True,True,0.5142857142857142,0.5651428571428573,True
7,True,0.0,True,True,0.5428571428571428,0.5822857142857142,True
8,True,0.07890284346987189,True,True,0.5714285714285714,0.5582857142857142,True
9,True,0.4779060562646111,True,True,0.5714285714285714,0.5945714285714285,True
10,True,0.14707376638839656,True,False,0.4857142857142857,0.5714285714285714,False
11,True,0.3779709814696914,True,False,0.4857142857142857,0.5085714285714285,False
12,True,0.35897435897435903,True,False,0.37142857142857144,0.45485714285714285,False
13,True,0.8481012658227849,False,False,0.34285714285714286,0.442,True
14,True,0.1888807298017988,True,False,0.3142857142857143,0.42542857142857143,False
15,True,0.6142362371363332,False,False,0.22857142857142856,0.35028571428571426,True
