position,znl_min_dist_to_target_A,znl_interface,znl_sasa_complex,znl_sasa_isolated,znl_relative_sasa,znl_exposed,af3_frac_interface,af3_mean_max_contact,af3_interface,znl_buried,agree
1,3.4485732714521786,True,106.43047379445535,221.31120350853652,0.4809086576150225,False,0.2571428571428571,0.3731428571428571,False,True,False
2,2.7202308957498413,True,57.490303613862054,149.43586129315216,0.3847155770801351,False,0.34285714285714286,0.44485714285714284,False,True,False
3,2.9431119746596752,True,7.245769296239498,127.13449929303755,0.05699294319426567,False,0.3142857142857143,0.48114285714285715,False,True,False
4,2.9421486824793273,True,10.52653450438332,72.75637045915708,0.14468196307693157,False,0.42857142857142855,0.5034285714285714,False,True,False
5,3.4703877897799473,True,4.422005288228077,93.65032408320468,0.04721825932283264,False,0.42857142857142855,0.5457142857142857,False,True,False
6,2.871708863063447,True,10.596315560404856,90.22819977201993,0.11743906657983448,False,0.5142857142857142,0.5651428571428573,True,True,True
7,3.2935376063473316,True,0.0,88.54747283509062,0.0,False,0.5428571428571428,0.5822857142857142,True,True,True
8,3.0194450591550672,True,8.453397512279414,107.13679178757661,0.07890284346987189,False,0.5714285714285714,0.5582857142857142,True,True,True
9,2.6265318662300046,True,53.13564150575632,111.18428153238494,0.4779060562646111,False,0.5714285714285714,0.5945714285714285,True,True,True
10,2.6735096242416803,True,21.855582568940843,148.6028617178675,0.14707376638839656,False,0.4857142857142857,0.5714285714285714,False,True,False
11,2.5788683720296306,True,70.87299822970061,187.5090991221604,0.3779709814696914,False,0.4857142857142857,0.5085714285714285,False,True,False
12,2.977442685268969,True,16.90679502455883,47.09750042555673,0.35897435897435903,False,0.37142857142857144,0.45485714285714285,False,True,False
13,3.750028823253833,True,80.9110904746744,95.40262906715338,0.8481012658227849,True,0.34285714285714286,0.442,False,False,True
14,2.993707813156204,True,15.43106329146156,81.69739341675609,0.1888807298017988,False,0.3142857142857143,0.42542857142857143,False,True,False
15,3.359960501600301,True,117.41216224249077,191.15147421110302,0.6142362371363332,True,0.22857142857142856,0.35028571428571426,False,False,True
