rank,tier,seq,af3_iptm_cross,af3_ranking_score,colab_iptm,composite,energy,colab_plddt,n_runs,protocols,sources
1,T1_af3,AWIWWCMDGNYYKFS,0.91,0.96,0.7827246189117432,0.9521739130434783,-7.168623447418213,0.6157953143119812,1,gen_energy_C,run_multimer2
2,T1_af3,AISGPALEVLYCIFC,0.82,0.88,0.6783,0.8133314728041225,-6.4367,0.498,4,gen_energy_C,run1_protocols|run2_wide
3,T1_af3,SHGYVYDALWNMEVL,0.82,0.88,0.49495723843574524,0.6955153269767651,-2.916034460067749,0.4095444679260254,1,opt_anneal_energy_C,run1_protocols
4,T1_af3,EHMPRYWQFCRAWFL,0.81,0.87,0.7392,0.8444948272914692,2.9428,0.53,2,opt_anneal_noenergy,run2_wide|run_multimer
5,T1_af3,CVCNVYWHFSRKGLL,0.77,0.85,0.14452773332595825,0.43047408777276214,-1.5804061889648438,0.33756011724472046,2,opt_anneal_energy_B|opt_hard_energy_C,run2_wide
6,T1_af3,YVCNVFLHFARKETL,0.76,0.84,0.15034350752830505,0.42624029254995244,-3.0806005001068115,0.38507765531539917,3,opt_anneal_energy_C,run1_protocols|run2_wide|run_multimer
7,T1_af3,DWKRAWRHVWWQFDC,0.75,0.83,0.7098471522331238,0.7778065863919976,-5.467110633850098,0.42520689964294434,1,gen_energy_C,run_multimer2
8,T1_af3,EGGGLDVLLNFLCFD,0.75,0.83,0.4814,0.631006337657282,-4.5532,0.444,1,gen_energy_A,run2_wide
9,T1_af3,LIGGPALEVLLCLFC,0.72,0.8,0.429340660572052,0.5736399378894711,-4.302906513214111,0.4274255037307739,4,gen_energy_C,run1_protocols|run2_wide
10,T1_af3,NWGSPAALLLFMCTC,0.72,0.81,0.31942516565322876,0.5030081885498396,-4.717456817626953,0.37263089418411255,2,gen_energy_C,run1_protocols|run2_wide
11,T1_af3,CVCNVYDHFARKEML,0.72,0.8,0.11754139512777328,0.3732775815410212,1.5233694314956665,0.31115394830703735,1,opt_hard_energy_C,run2_wide
12,T1_af3,NDNWRWWDNFWQDDA,0.71,0.8,0.7586,0.7772511315956889,-4.15,0.521333,1,gen_energy_C,run_multimer
13,T1_af3,SVCNVFDFFARCELL,0.69,0.77,0.32860511541366577,0.48499418515604065,-0.13302236795425415,0.37904924154281616,3,opt_anneal_energy_A|opt_anneal_energy_B,run1_protocols|run2_wide
14,T1_af3,AIGPRHVMVFYCGFW,0.68,0.77,0.5575,0.6241111324212353,-6.5674,0.248,1,gen_energy_C,run_multimer
15,T1_af3,CVCNVFWHFARKGLL,0.68,0.77,0.1282,0.348242748132943,-2.8119,0.357333,3,opt_anneal_energy_C|opt_hard_energy_C,run2_wide|run_multimer
16,T2_af2_diverse,TAIRRSWCVFWQEFC,0.68,0.77,0.7773818373680115,0.7654073057477071,-4.0814714431762695,0.45118749141693115,1,gen_energy_E,run_multimer2
17,T2_af2_diverse,NHNRAWWHSWWQRDW,0.49,0.61,0.7708893418312073,0.6097859496638948,-5.075160026550293,0.47277307510375977,1,gen_energy_C,run_multimer2
18,T2_af2_diverse,YWCNVLEHRARKELL,0.28,0.45,0.7484,0.4279429835534732,-4.2641,0.376667,1,opt_anneal_energy_E,run_multimer2
19,T2_af2_diverse,DAMNRVQQVNWFCFG,0.65,0.74,0.7394236922264099,0.7171023401385492,-5.08315896987915,0.43509238958358765,1,gen_energy_C,run_multimer2
20,T2_af2_diverse,FHCNWADRFAKKESL,0.5,0.62,0.7158,0.5823565268808959,-4.11,0.374333,1,opt_anneal_energy_C,run_multimer2
21,T2_af2_diverse,RYAYLMDHFLNQEVL,,,0.6993513107299805,0.7928485449761346,9.351338386535645,0.5529466271400452,1,opt_anneal_noenergy,run1_protocols
22,T2_af2_diverse,IWWEVACHRKRKGGG,0.48,0.61,0.6808,0.5439234812401585,-5.3796,0.304667,1,opt_anneal_energy_C,run_multimer2
23,T2_af2_diverse,TAKNAVADVWWQCDC,,,0.6789228916168213,0.7665939212896156,-4.977974891662598,0.4708365201950073,1,gen_energy_D,run_multimer2
24,T2_af2_diverse,NHNWWWWMNFWQRDC,,,0.6551418304443359,0.7360304788376492,-5.313458442687988,0.4839940667152405,1,gen_energy_C,run_multimer2
25,T2_af2_diverse,NAKRAWADVWWQKDC,,,0.6315858364105225,0.7057562928865065,-5.39201021194458,0.3825013041496277,1,gen_energy_E,run_multimer2
26,T2_af2_diverse,NHSRAWWHVWWQRGC,,,0.6278039216995239,0.7008957725005792,-5.437642574310303,0.37896841764450073,1,gen_energy_D,run_multimer2
27,T2_af2_diverse,DAYRAWWHVWWQQEC,,,0.6150942444801331,0.6845612832420697,-5.613016128540039,0.3842344880104065,1,gen_energy_E,run_multimer2
28,T2_af2_diverse,TAGNRWAVVMWQCGG,,,0.5876,0.6492256540691761,-3.5921,0.341667,1,gen_energy_C,run_multimer
29,T2_af2_diverse,MVMNRYVFRARKEWL,,,0.587,0.6484545334981396,-0.9553,0.292667,1,opt_anneal_energy_D,run_multimer2
30,T2_af2_diverse,LSPGALALCVLLMCD,,,0.5850435495376587,0.645940101501931,11.810114860534668,0.48885291814804077,1,gen_colabonly,run1_protocols
31,T3_composite,TKGNAVTHVWWCCFG,,,0.5846407413482666,0.6454224120335608,-2.608912706375122,0.4206204414367676,1,gen_energy_C,run_multimer2
32,T3_composite,DAKRAWWHVAWQRDC,,,0.5811949968338013,0.6409939379041603,-5.395314693450928,0.36952704191207886,1,gen_energy_E,run_multimer2
33,T3_composite,WHGYWYAHRKRKKDL,,,0.5759,0.6341888029339652,-4.1552,0.412,1,opt_anneal_energy_C,run_multimer2
34,T3_composite,TANWAWWDVWWQAFC,,,0.5747925043106079,0.6327654484199245,-4.048926830291748,0.34327781200408936,1,gen_energy_C,run_multimer2
35,T3_composite,TKGNHWMVVWWQWFC,,,0.5704682469367981,0.6272079087275897,-3.6234376430511475,0.4020426273345947,1,gen_energy_E,run_multimer2
36,T3_composite,DAKRACWMLWWQRDC,,,0.5616450309753418,0.6158683031766296,-5.524220943450928,0.4146800637245178,1,gen_energy_D,run_multimer2
37,T3_composite,WVMNRYWHRARKEWL,,,0.561,0.6150393087532265,-3.2871,0.37,1,opt_anneal_energy_C,run_multimer2
38,T3_composite,DAGRWLWVVWWQRDC,,,0.5595777034759521,0.6132113719068816,-5.213589191436768,0.36812955141067505,1,gen_energy_E,run_multimer2
39,T3_composite,NGKKRACWVNWFGTC,,,0.5524,0.6039865805683707,-6.0443,0.308333,1,gen_energy_C,run_multimer
40,T3_composite,FDCNVLAHRARKEVL,,,0.5406,0.588821209337987,-4.6665,0.328,1,opt_anneal_energy_E,run_multimer2
41,T3_composite,MIGNRAQDVFWQGFW,,,0.5396565794944763,0.5876087244064088,-5.126676082611084,0.3785473704338074,1,gen_energy_D,run_multimer2
42,T3_composite,VHLYMLEHRKRKKKC,,,0.5387,0.5863793275297048,-5.9591,0.293,1,opt_anneal_energy_C,run_multimer2
43,T3_composite,ASGGGDALLCLLLDN,,,0.5370841026306152,0.5843025746926777,2.4548890590667725,0.4406222105026245,1,gen_colabonly,run1_protocols
44,T3_composite,FWVQRLEHRKQKKEC,,,0.5321,0.5778970012483039,-7.2269,0.467,1,opt_anneal_energy_E,run_multimer2
45,T3_composite,TINNAWRMVFWQRDA,,,0.526695728302002,0.5709514261186432,-5.491898536682129,0.32361912727355957,1,gen_energy_D,run_multimer2
46,T3_composite,WHMNWYSRYIRKKQL,,,0.516,0.5572052659254924,-4.1388,0.300333,1,opt_anneal_energy_C,run_multimer2
47,T3_composite,NDIWLFLLLELELDL,,,0.5139480829238892,0.5545681401464089,-3.9107062816619873,0.42586618661880493,1,gen_energy_B,run1_protocols
48,T3_composite,EWYWITWDLWYQKDA,,,0.5096872448921204,0.5490921070528232,-6.5924391746521,0.34762877225875854,1,gen_energy_C,run_multimer2
