name,source,protocol,seq,loss_total,loss_af,energy,colab_iptm,colab_ptm,colab_plddt
run_multimer2/gen_energy_C_21,run_multimer2,gen_energy_C,AWIWWCMDGNYYKFS,-0.5092368125915527,3.0750749111175537,-7.168623447418213,0.7827246189117432,0.8824862241744995,0.6157953143119812
run_multimer2/gen_energy_E_9,run_multimer2,gen_energy_E,TAIRRSWCVFWQEFC,-0.6422679424285889,3.031056356430054,-4.0814714431762695,0.7773818373680115,0.8719495534896851,0.45118749141693115
run_multimer2/gen_energy_C_2,run_multimer2,gen_energy_C,NHNRAWWHSWWQRDW,0.6272869110107422,3.1648669242858887,-5.075160026550293,0.7708893418312073,0.8910636901855469,0.47277307510375977
run_multimer/gen_energy_C_5,run_multimer,gen_energy_C,NDNWRWWDNFWQDDA,1.0407,3.1157,-4.15,0.7586,0.883,0.521333
run_multimer2/gen_energy_C_6,run_multimer2,gen_energy_C,DAMNRVQQVNWFCFG,0.6049954891204834,3.1465749740600586,-5.08315896987915,0.7394236922264099,0.8773825168609619,0.43509238958358765
run2_wide/opt_anneal_noenergy_10,run2_wide,opt_anneal_noenergy,EHMPRYWQFCRAWFL,2.9768,2.9768,2.9428,0.7392,0.895,0.53
run_multimer/opt_anneal_noenergy_10,run_multimer,opt_anneal_noenergy,EHMPRYWQFCRAWFL,2.9768,2.9768,2.9428,0.7392,0.895,0.53
run_multimer2/opt_anneal_energy_C_13,run_multimer2,opt_anneal_energy_C,FHCNWADRFAKKESL,1.6121,3.6671,-4.11,0.7158,0.877,0.374333
run_multimer2/gen_energy_C_1,run_multimer2,gen_energy_C,DWKRAWRHVWWQFDC,0.5996875762939453,3.333242893218994,-5.467110633850098,0.7098471522331238,0.8652164936065674,0.42520689964294434
run1_protocols/opt_anneal_noenergy_2,run1_protocols,opt_anneal_noenergy,RYAYLMDHFLNQEVL,2.9522573947906494,2.9522573947906494,9.351338386535645,0.6993513107299805,0.9106557965278625,0.5529466271400452
run_multimer2/opt_anneal_energy_C_31,run_multimer2,opt_anneal_energy_C,IWWEVACHRKRKGGG,0.3203,3.0101,-5.3796,0.6808,0.869,0.304667
run_multimer2/gen_energy_D_25,run_multimer2,gen_energy_D,TAKNAVADVWWQCDC,-0.047045230865478516,3.43753719329834,-4.977974891662598,0.6789228916168213,0.8992530703544617,0.4708365201950073
run2_wide/gen_energy_C_9,run2_wide,gen_energy_C,AISGPALEVLYCIFC,-0.0125,3.2058,-6.4367,0.6783,0.900667,0.498
run2_wide/gen_energy_C_16,run2_wide,gen_energy_C,AISGPALEVLYCIFC,-0.0125,3.2058,-6.4367,0.6783,0.901333,0.501
run1_protocols/gen_energy_C_9,run1_protocols,gen_energy_C,AISGPALEVLYCIFC,-0.012526750564575195,3.2058444023132324,-6.436742305755615,0.6782609224319458,0.909453272819519,0.5389730036258698
run1_protocols/gen_energy_C_16,run1_protocols,gen_energy_C,AISGPALEVLYCIFC,-0.012526750564575195,3.2058444023132324,-6.436742305755615,0.6782609224319458,0.909453272819519,0.5389730036258698
run_multimer2/gen_energy_C_0,run_multimer2,gen_energy_C,NHNWWWWMNFWQRDC,0.8903002738952637,3.547029495239258,-5.313458442687988,0.6551418304443359,0.8805965185165405,0.4839940667152405
run1_protocols/gen_energy_B_1,run1_protocols,gen_energy_B,AISGPALEVLYCMFE,2.3663039207458496,3.383765983581543,-5.087310314178467,0.6353055834770203,0.8902637958526611,0.5029389560222626
run_multimer2/gen_energy_E_5,run_multimer2,gen_energy_E,NAKRAWADVWWQKDC,-1.337900161743164,3.514909029006958,-5.39201021194458,0.6315858364105225,0.8802643418312073,0.3825013041496277
run_multimer2/gen_energy_D_0,run_multimer2,gen_energy_D,NHSRAWWHVWWQRGC,-0.20963263511657715,3.5967171669006346,-5.437642574310303,0.6278039216995239,0.8812848925590515,0.37896841764450073
