protocol,block_id,seed,input_seq,final_seq,n_steps,n_hard_steps,n_soft_steps,w_E_stage3,E_hard_final,E_hard_final_source,hard_stable,final_i_ptm,gap_max,t_star,stage_star,gap_integral_soft,E_soft_min,gap_fine_temp
gen_energy_A,gen_energy_A__pa_pb1_wide_292363_0.out__0,0,,AAFSPGELLLALLCC,180,30,150,0.05,-3.27,hard_steps_median,True,0.38266666666666665,11.103882936362682,150.0,stage_2,213.07192105669208,-26.45,11.103882936362682
gen_energy_A,gen_energy_A__pa_pb1_wide_292363_0.out__1,1,,AARGPALEVLLCMLL,180,30,150,0.05,-2.09,hard_steps_median,True,0.41466666666666663,9.51350798602946,150.0,stage_2,132.31248946733126,-21.95,9.51350798602946
gen_energy_A,gen_energy_A__pa_pb1_wide_292363_0.out__2,2,,AAGGPDLLLNLLLFD,180,30,150,0.05,-2.5,hard_steps_median,True,0.4346666666666666,17.412689591750798,150.0,stage_2,465.8696838697498,-38.85,17.412689591750798
gen_energy_A,gen_energy_A__pa_pb1_wide_292363_0.out__3,3,,AAGGPGEALLLLMFL,180,30,150,0.05,-1.9,hard_steps_median,True,0.30600000000000005,13.925361387405658,150.0,stage_2,247.6529956544497,-30.97,13.925361387405658
gen_energy_A,gen_energy_A__pa_pb1_wide_292363_0.out__4,4,,SAGGGAALLNFLECL,180,30,150,0.05,-4.14,hard_steps_median,True,0.3920000000000002,16.612711830589205,150.0,stage_2,381.1391051905508,-38.82,16.612711830589205
gen_energy_A,gen_energy_A__pa_pb1_wide_292363_0.out__5,5,,AWGGPDLLLNFLEEL,180,30,150,0.05,-4.4,hard_steps_median,True,0.3513333333333332,15.726508921517983,150.0,stage_2,358.4044078583777,-37.23,15.726508921517983
gen_energy_A,gen_energy_A__pa_pb1_wide_292363_0.out__6,6,,AWAGPAALVLLCMFL,180,30,150,0.05,-3.0,hard_steps_median,True,0.34866666666666657,15.06065916821582,150.0,stage_2,280.0113775505367,-34.44,15.06065916821582
gen_energy_A,gen_energy_A__pa_pb1_wide_292363_0.out__7,7,,AAGGADEALLLLMFL,180,30,150,0.05,-2.39,hard_steps_median,True,0.2699999999999999,16.598340972604266,150.0,stage_2,328.6663124015444,-37.04,16.598340972604266
gen_energy_A,gen_energy_A__pa_pb1_wide_292363_0.out__8,8,,AWGGPDGALLLIMFC,180,30,150,0.05,-3.75,hard_steps_median,True,0.3313333333333333,19.788671445260675,150.0,stage_2,319.9432016046866,-45.06,19.788671445260675
gen_energy_A,gen_energy_A__pa_pb1_wide_292363_0.out__9,9,,AIRVPALEVLLVMLC,180,30,150,0.05,-3.98,hard_steps_median,True,0.3046666666666667,5.0010585787586885,149.0,stage_2,-99.38406353784151,-14.42,4.967526576793831
gen_energy_A,gen_energy_A__pa_pb1_wide_292363_0.out__10,10,,AAGGPCALVNLLLFL,180,30,150,0.05,-4.48,hard_steps_median,True,0.34733333333333344,15.932491219302108,150.0,stage_2,303.4310857799918,-37.74,15.932491219302108
gen_energy_A,gen_energy_A__pa_pb1_wide_292363_0.out__11,11,,AWAGPALLVLLVCEL,180,30,150,0.05,-3.35,hard_steps_median,True,0.3313333333333333,14.207988261109453,149.0,stage_2,280.404181002125,-33.01,14.064279681260066
gen_energy_A,gen_energy_A__pa_pb1_wide_292363_0.out__12,12,,NDGLLFLLLDLELFC,180,30,150,0.05,-3.18,hard_steps_median,True,0.36466666666666653,22.437699600484386,150.0,stage_2,612.9170930576381,-50.02,22.437699600484386
gen_energy_A,gen_energy_A__pa_pb1_wide_292363_0.out__13,13,,AIAGPALELLQVMML,180,30,150,0.05,-3.35,hard_steps_median,True,0.37566666666666654,8.22013076738497,150.0,stage_2,4.737592849034797,-20.51,8.22013076738497
gen_energy_A,gen_energy_A__pa_pb1_wide_292363_0.out__14,14,,AAGGACALLNFLMEC,180,30,150,0.05,-5.68,hard_steps_median,True,0.38599999999999995,14.634323714662637,150.0,stage_2,177.73877155772266,-36.23,14.634323714662637
gen_energy_A,gen_energy_A__pa_pb1_wide_292363_0.out__15,15,,AGSGPDLLLLLMCCC,180,30,150,0.05,-1.52,hard_steps_median,True,0.28833333333333333,11.990085845433907,150.0,stage_2,199.65432998475416,-26.55,11.990085845433907
gen_energy_A,gen_energy_A__pa_pb1_wide_292363_0.out__16,16,,AASGPALEVLLCLCL,180,30,150,0.05,-1.08,hard_steps_median,True,0.38666666666666666,6.744722680931258,150.0,stage_2,100.39481388278222,-15.16,6.744722680931258
gen_energy_A,gen_energy_A__pa_pb1_wide_292363_0.out__17,17,,AIGGLDELLLYLCCC,180,30,150,0.05,-4.66,hard_steps_median,True,0.27399999999999997,13.211608774153701,149.0,stage_2,161.72005519051083,-32.24,13.09185162427921
gen_energy_A,gen_energy_A__pa_pb1_wide_292363_0.out__18,18,,AAGGPALEVLLLMFC,180,30,150,0.05,-2.92,hard_steps_median,True,0.458,16.033087225196677,149.0,stage_2,244.40997203584845,-36.39,15.846266071392472
gen_energy_A,gen_energy_A__pa_pb1_wide_292363_0.out__19,19,,AAGGPSAALGLCLFE,180,30,150,0.05,-1.85,hard_steps_median,True,0.3766666666666667,13.594831653752067,150.0,stage_2,347.7508118055429,-30.23,13.594831653752067
gen_energy_A,gen_energy_A__pa_pb1_wide_292363_0.out__20,20,,SIGALDCLLNFLCCC,180,30,150,0.05,-5.16,hard_steps_median,True,0.33999999999999997,16.48816439471974,150.0,stage_2,420.4865143533133,-39.58,16.48816439471974
gen_energy_A,gen_energy_A__pa_pb1_wide_292363_0.out__21,21,,EGGGLDVLLNFLCFD,180,30,150,0.05,-4.55,hard_steps_median,True,0.548,18.67732509442541,149.0,stage_2,502.0507139898307,-43.54,18.528826228581043
gen_energy_A,gen_energy_A__pa_pb1_wide_292363_0.out__22,22,,LAAGPGEALLLCLFC,180,30,150,0.05,-4.45,hard_steps_median,True,0.30000000000000004,15.908539789327206,150.0,stage_2,110.90470135576743,-37.66,15.908539789327206
gen_energy_A,gen_energy_A__pa_pb1_wide_292363_0.out__23,23,,WIGGPDLLEFLCMCC,180,30,150,0.05,-4.41,hard_steps_median,True,0.296,12.588871594806355,150.0,stage_2,149.4233910413982,-30.69,12.588871594806355
gen_energy_A,gen_energy_A__pa_pb1_wide_292363_0.out__24,24,,AWGGPAALLNLIMCL,180,30,150,0.05,-4.08,hard_steps_median,True,0.33999999999999997,15.19957746207023,150.0,stage_2,286.7321488014931,-35.81,15.19957746207023
gen_energy_A,gen_energy_A__pa_pb1_wide_292363_0.out__25,25,,AIGGPDQQLFLELFL,180,30,150,0.05,-4.95,hard_steps_median,True,0.4573333333333333,21.288030961689284,149.0,stage_2,504.37879298339044,-49.39,21.149112667834874
gen_energy_A,gen_energy_A__pa_pb1_wide_292363_0.out__26,26,,AAGGPGEALCLLLFE,180,30,150,0.05,-1.73,hard_steps_median,True,0.5666666666666667,16.25823066696072,150.0,stage_2,412.93702362522527,-35.67,16.25823066696072
gen_energy_A,gen_energy_A__pa_pb1_wide_292363_0.out__27,27,,AAAGPGEALNLLLFC,180,30,150,0.05,-4.29,hard_steps_median,True,0.338,15.386398615874432,150.0,stage_2,273.1804297216958,-36.41,15.386398615874432
gen_energy_C,gen_energy_C__pa_pb1_wide_292363_1.out__0,0,,NWGSPAALLLFMCTC,180,30,150,0.5,-4.72,hard_steps_median,True,0.31533333333333335,40.10906463596408,150.0,stage_2,1120.8838102512689,-88.45,40.10906463596408
gen_energy_C,gen_energy_C__pa_pb1_wide_292363_1.out__1,1,,LWSGPALEVLYYLFC,180,30,150,0.5,-6.07,hard_steps_median,True,0.5313333333333332,29.757256600813193,150.0,stage_2,766.9966420861565,-68.19,29.757256600813193
gen_energy_C,gen_energy_C__pa_pb1_wide_292363_1.out__2,2,,EIGGPALEVFLCCFC,180,30,150,0.5,-5.46,hard_steps_median,True,0.39733333333333326,31.970368730493767,150.0,stage_2,799.790940007787,-72.2,31.970368730493767
gen_energy_C,gen_energy_C__pa_pb1_wide_292363_1.out__3,3,,LWGGPAAELLYYLFC,180,30,150,0.5,-5.85,hard_steps_median,True,0.41700000000000004,31.371582981121318,150.0,stage_2,822.0561893124518,-71.34,31.371582981121318
gen_energy_C,gen_energy_C__pa_pb1_wide_292363_1.out__4,4,,NIWGLAALLNFQGTC,180,30,150,0.5,-7.97,hard_steps_median,True,0.252,41.34016813667383,150.0,stage_2,1075.1317887132186,-94.27,41.34016813667383
gen_energy_C,gen_energy_C__pa_pb1_wide_292363_1.out__5,5,,NWTGLEWLLNFGGDC,180,30,150,0.5,-7.6,hard_steps_median,True,0.41300000000000003,40.88509096715078,150.0,stage_2,1219.5589114618529,-92.95,40.88509096715078
gen_energy_C,gen_energy_C__pa_pb1_wide_292363_1.out__6,6,,LWGGACCALNYIMFC,180,30,150,0.5,-8.28,hard_steps_median,True,0.3166666666666666,28.415976522218905,150.0,stage_2,723.0505583682138,-67.6,28.415976522218905
gen_energy_C,gen_energy_C__pa_pb1_wide_292363_1.out__7,7,,AIGGPPEDLLYCLFC,180,30,150,0.5,-7.62,hard_steps_median,True,0.265,30.217124056331237,150.0,stage_2,649.0310591737892,-70.7,30.217124056331237
gen_energy_C,gen_energy_C__pa_pb1_wide_292363_1.out__8,8,,AWGGPAGVLLYYLFC,180,30,150,0.5,-5.21,hard_steps_median,True,0.3886666666666666,31.72127385875483,150.0,stage_2,792.912089318996,-71.43,31.72127385875483
gen_energy_C,gen_energy_C__pa_pb1_wide_292363_1.out__9,9,,AISGPALEVLYCIFC,180,30,150,0.5,-6.44,hard_steps_median,True,0.61,27.73096562493683,150.0,stage_2,620.1600054820474,-64.33,27.73096562493683
gen_energy_C,gen_energy_C__pa_pb1_wide_292363_1.out__10,10,,AIGGPCAQLNYLLFC,180,30,150,0.5,-7.84,hard_steps_median,True,0.3386666666666668,34.293657438058865,150.0,stage_2,847.3297382219644,-79.43,34.293657438058865
gen_energy_C,gen_energy_C__pa_pb1_wide_292363_1.out__11,11,,NWWSPALLLLFGCTC,180,30,150,0.5,-6.67,hard_steps_median,True,0.30866666666666664,32.372752754072046,150.0,stage_2,829.5625674665848,-74.25,32.372752754072046
gen_energy_C,gen_energy_C__pa_pb1_wide_292363_1.out__12,12,,NIAGLDLLLNLCLDC,180,30,150,0.5,-6.58,hard_steps_median,True,0.3866666666666666,35.76906552451258,150.0,stage_2,1000.0967488878582,-81.25,35.76906552451258
gen_energy_C,gen_energy_C__pa_pb1_wide_292363_1.out__13,13,,LIGGPALEVLLCLFC,180,30,150,0.5,-4.3,hard_steps_median,True,0.42999999999999994,25.225646049562506,150.0,stage_2,557.7425789674634,-56.96,25.225646049562506
gen_energy_C,gen_energy_C__pa_pb1_wide_292363_1.out__14,14,,AIGGPCAQLNYLLFC,180,30,150,0.5,-7.84,hard_steps_median,True,0.32766666666666666,33.297277951103105,150.0,stage_2,866.9172176554354,-77.35,33.297277951103105
gen_energy_C,gen_energy_C__pa_pb1_wide_292363_1.out__15,15,,LDGSPALLLLFQCEC,180,30,150,0.5,-5.59,hard_steps_median,True,0.35966666666666675,36.59299471564906,150.0,stage_2,1019.5357294554851,-81.98,36.59299471564906
gen_energy_C,gen_energy_C__pa_pb1_wide_292363_1.out__16,16,,AISGPALEVLYCIFC,180,30,150,0.5,-6.44,hard_steps_median,True,0.615,26.90703643380034,150.0,stage_2,542.1166660518397,-62.61,26.90703643380034
gen_energy_C,gen_energy_C__pa_pb1_wide_292363_1.out__17,17,,EIGGLDAMLNYLLFC,180,30,150,0.5,-7.03,hard_steps_median,True,0.31,30.34646177819568,150.0,stage_2,878.9839480767891,-70.38,30.34646177819568
gen_energy_C,gen_energy_C__pa_pb1_wide_292363_1.out__18,18,,DASGACADVMWLLFC,180,30,150,0.5,-5.38,hard_steps_median,True,0.39400000000000013,31.759596146714667,149.0,stage_2,825.117182063244,-71.68,31.754805860719685
gen_energy_C,gen_energy_C__pa_pb1_wide_292363_1.out__19,19,,DDGGADIMLWWLMEC,180,30,150,0.5,-4.4,hard_steps_median,True,0.3633333333333334,26.504652410222054,150.0,stage_2,778.8621804957211,-59.73,26.504652410222054
gen_energy_C,gen_energy_C__pa_pb1_wide_292363_1.out__20,20,,EIGLLDVLLNYYCFC,180,30,150,0.5,-7.91,hard_steps_median,True,0.37999999999999984,47.01186675472967,150.0,stage_2,1305.918187379345,-106.05,47.01186675472967
gen_energy_C,gen_energy_C__pa_pb1_wide_292363_1.out__21,21,,EIGGLDMMLNYLEFC,180,30,150,0.5,-7.91,hard_steps_median,True,0.34166666666666656,36.03253125423645,150.0,stage_2,950.3017259700453,-83.13,36.03253125423645
gen_energy_C,gen_energy_C__pa_pb1_wide_292363_1.out__22,22,,AWGGPAEVLLYLLFC,180,30,150,0.5,-5.61,hard_steps_median,True,0.34999999999999987,29.225534855370462,150.0,stage_2,760.074678823411,-66.62,29.225534855370462
gen_energy_C,gen_energy_C__pa_pb1_wide_292363_1.out__23,23,,LWGGPDCLLNFLLEC,180,30,150,0.5,-6.12,hard_steps_median,True,0.35599999999999987,34.413414587933346,150.0,stage_2,907.1795714432394,-77.96,34.413414587933346
gen_energy_C,gen_energy_C__pa_pb1_wide_292363_1.out__24,24,,AWGGPIALLNFICFC,180,30,150,0.5,-7.2,hard_steps_median,True,0.3546666666666666,39.24202287087277,150.0,stage_2,1170.9902017587551,-89.12,39.24202287087277
gen_energy_C,gen_energy_C__pa_pb1_wide_292363_1.out__25,25,,LWGGAQCLLNYLEFL,180,30,150,0.5,-7.71,hard_steps_median,True,0.3206666666666667,35.65409866063307,150.0,stage_2,982.2146112685994,-82.14,35.65409866063307
gen_energy_C,gen_energy_C__pa_pb1_wide_292363_1.out__26,26,,AIGGPCAQLNYLLFC,180,30,150,0.5,-7.84,hard_steps_median,True,0.3386666666666667,38.05403194411784,150.0,stage_2,1046.169719587572,-87.28,38.05403194411784
gen_energy_C,gen_energy_C__pa_pb1_wide_292363_1.out__27,27,,AIAGSCMQLNWLLFC,180,30,150,0.5,-6.26,hard_steps_median,True,0.24633333333333335,38.13546680603249,150.0,stage_2,1016.3645601268086,-85.87,38.13546680603249
gen_energy_C,gen_energy_C__pa_pb1_wide_292363_1.out__28,28,,EIGGLDELLNYLEFC,180,30,150,0.5,-7.52,hard_steps_median,True,0.247,35.7163723785678,150.0,stage_2,973.3430016058974,-82.08,35.7163723785678
opt_hard_energy_C,opt_hard_energy_C__pa_pb1_wide_292363_2.out__0,0,YVCNVYDHFARKEVL,YVCNVYDHFARKEVL,30,30,0,0.5,1.26,hard_steps_median,True,0.13133333333333336,,,,,,
opt_hard_energy_C,opt_hard_energy_C__pa_pb1_wide_292363_2.out__1,0,YVGYRYKHRKRKKVL,YVGYRYKHRKRKKVL,30,30,0,0.5,-3.99,hard_steps_median,True,0.107,,,,,,
opt_hard_energy_C,opt_hard_energy_C__pa_pb1_wide_292363_2.out__2,0,CHMNRYWHFCRKKQL,CHMNRYWHFCRKKQL,30,30,0,0.5,-0.76,hard_steps_median,True,0.19533333333333344,,,,,,
opt_hard_energy_C,opt_hard_energy_C__pa_pb1_wide_292363_2.out__3,0,CHCNVYDHFAKKESL,CHCNVYDHFAKKESL,30,30,0,0.5,-0.55,hard_steps_median,True,0.12566666666666665,,,,,,
opt_hard_energy_C,opt_hard_energy_C__pa_pb1_wide_292363_2.out__4,0,CWMNRYWHPCAKEWA,CWMNRYWHPCAKEWA,30,30,0,0.5,4.78,hard_steps_median,True,0.14533333333333334,,,,,,
opt_hard_energy_C,opt_hard_energy_C__pa_pb1_wide_292363_2.out__5,0,CWPNVYWLFCRMEQL,CWPNVYWLFCRMEQL,30,30,0,0.5,-2.15,hard_steps_median,True,0.19966666666666674,,,,,,
opt_hard_energy_C,opt_hard_energy_C__pa_pb1_wide_292363_2.out__6,0,CHCNVHEHFHRTELL,CHCNVHEHFHRTELL,30,30,0,0.5,0.2,hard_steps_median,True,0.12700000000000003,,,,,,
opt_hard_energy_C,opt_hard_energy_C__pa_pb1_wide_292363_2.out__7,0,IHCEVHCHRKRKGGL,IHCEVHCHRKRKGGL,30,30,0,0.5,-3.24,hard_steps_median,True,0.15399999999999997,,,,,,
opt_hard_energy_C,opt_hard_energy_C__pa_pb1_wide_292363_2.out__8,0,CVCNVYDHFARKEML,CVCNVYDHFARKEML,30,30,0,0.5,1.52,hard_steps_median,True,0.15966666666666673,,,,,,
opt_hard_energy_C,opt_hard_energy_C__pa_pb1_wide_292363_2.out__9,0,CVMNRYDHRCRKEWL,CVMNRYDHRCRKEWL,30,30,0,0.5,5.94,hard_steps_median,True,0.15000000000000002,,,,,,
opt_hard_energy_C,opt_hard_energy_C__pa_pb1_wide_292363_2.out__10,0,VHGYRYEHRKRKKKL,VHGYRYEHRKRKKKL,30,30,0,0.5,-4.11,hard_steps_median,True,0.10566666666666666,,,,,,
opt_hard_energy_C,opt_hard_energy_C__pa_pb1_wide_292363_2.out__11,0,YHCNVYWHFSRKKWL,YHCNVYWHFSRKKWL,30,30,0,0.5,-1.14,hard_steps_median,True,0.19433333333333339,,,,,,
opt_hard_energy_C,opt_hard_energy_C__pa_pb1_wide_292363_2.out__12,0,CVCNVYWHFSRKGLL,CVCNVYWHFSRKGLL,30,30,0,0.5,-1.58,hard_steps_median,True,0.16833333333333336,,,,,,
opt_hard_energy_C,opt_hard_energy_C__pa_pb1_wide_292363_2.out__13,0,CVGNVYWHPKRMKLL,CVGNVYWHPKRMKLL,30,30,0,0.5,-3.56,hard_steps_median,True,0.14,,,,,,
opt_hard_energy_C,opt_hard_energy_C__pa_pb1_wide_292363_2.out__14,0,CVCNVFWHFARKGLL,CVCNVFWHFARKGLL,30,30,0,0.5,-2.81,hard_steps_median,True,0.19233333333333336,,,,,,
opt_hard_energy_C,opt_hard_energy_C__pa_pb1_wide_292363_2.out__15,0,DWCNVFDWPAAKEWA,DWCNVFDWPAAKEWA,30,30,0,0.5,-2.38,hard_steps_median,True,0.16533333333333336,,,,,,
opt_hard_energy_C,opt_hard_energy_C__pa_pb1_wide_292363_2.out__16,0,CHGYRYDHRKRYKCL,CHGYRYDHRKRYKCL,30,30,0,0.5,0.35,hard_steps_median,True,0.238,,,,,,
opt_hard_energy_C,opt_hard_energy_C__pa_pb1_wide_292363_2.out__17,0,CFINVYDHPCRMEQA,CFINVYDHPCRMEQA,30,30,0,0.5,-0.63,hard_steps_median,True,0.14833333333333334,,,,,,
opt_hard_energy_C,opt_hard_energy_C__pa_pb1_wide_292363_2.out__18,0,FVMNVYDSRKRKKWL,FVMNVYDSRKRKKWL,30,30,0,0.5,-3.4,hard_steps_median,True,0.134,,,,,,
opt_hard_energy_C,opt_hard_energy_C__pa_pb1_wide_292363_2.out__19,0,CHYQRYEHRKNKEKL,CHYQRYEHRKNKEKL,30,30,0,0.5,-1.92,hard_steps_median,True,0.207,,,,,,
opt_hard_energy_C,opt_hard_energy_C__pa_pb1_wide_292363_2.out__20,0,CVCNVWDIFAKMGQA,CVCNVWDIFAKMGQA,30,30,0,0.5,-2.3,hard_steps_median,True,0.1753333333333333,,,,,,
opt_hard_energy_C,opt_hard_energy_C__pa_pb1_wide_292363_2.out__21,0,WWMNRYDHFAGKEWA,WWMNRYDHFAGKEWA,30,30,0,0.5,-1.26,hard_steps_median,True,0.17833333333333337,,,,,,
opt_hard_energy_C,opt_hard_energy_C__pa_pb1_wide_292363_2.out__22,0,YVFYRYIHRKRKGVL,YVFYRYIHRKRKGVL,30,30,0,0.5,-3.09,hard_steps_median,True,0.12700000000000003,,,,,,
opt_hard_energy_C,opt_hard_energy_C__pa_pb1_wide_292363_2.out__23,0,CHCNVYDHSKRQGML,CHCNVYDHSKRQGML,30,30,0,0.5,-0.72,hard_steps_median,True,0.14133333333333334,,,,,,
opt_hard_energy_C,opt_hard_energy_C__pa_pb1_wide_292363_2.out__24,0,WWNNVYWSPCAKEWA,WWNNVYWSPCAKEWA,30,30,0,0.5,-3.97,hard_steps_median,True,0.12133333333333331,,,,,,
opt_hard_energy_C,opt_hard_energy_C__pa_pb1_wide_292363_2.out__25,0,IVCNVWEHRKRKGCL,IVCNVWEHRKRKGCL,30,30,0,0.5,-3.42,hard_steps_median,True,0.16133333333333333,,,,,,
opt_hard_energy_C,opt_hard_energy_C__pa_pb1_wide_292363_2.out__26,0,VHYYVYDHRKNLPAL,VHYYVYDHRKNLPAL,30,30,0,0.5,-3.1,hard_steps_median,True,0.13133333333333336,,,,,,
opt_hard_energy_C,opt_hard_energy_C__pa_pb1_wide_292363_2.out__27,0,YWCEPPCHWKRAGLL,YWCEPPCHWKRAGLL,30,30,0,0.5,-4.45,hard_steps_median,True,0.15833333333333327,,,,,,
opt_hard_energy_C,opt_hard_energy_C__pa_pb1_wide_292363_2.out__28,0,YHCYRFCHRWRKEGL,YHCYRFCHRWRKEGL,30,30,0,0.5,-2.59,hard_steps_median,True,0.2543333333333333,,,,,,
opt_hard_energy_C,opt_hard_energy_C__pa_pb1_wide_292363_2.out__29,0,CFPNRYWHSKKKEFL,CFPNRYWHSKKKEFL,30,30,0,0.5,2.79,hard_steps_median,True,0.13699999999999998,,,,,,
opt_hard_energy_C,opt_hard_energy_C__pa_pb1_wide_292363_2.out__30,0,GWVQPMESDKYLKCL,GWVQPMESDKYLKCL,30,30,0,0.5,-4.83,hard_steps_median,True,0.1866666666666667,,,,,,
opt_anneal_noenergy,opt_anneal_noenergy__pa_pb1_wide_292363_3.out__0,0,YVCNVYDHFARKEVL,YVQAVFDYFARKEVL,80,30,50,0.0,8.2712,final_seq_line (nessuna traccia per-step: w_E=0),,0.2793333333333333,,,,,,
opt_anneal_noenergy,opt_anneal_noenergy__pa_pb1_wide_292363_3.out__1,1,YVCNVYDHFARKEVL,VVCNIYDILARKEVL,80,30,50,0.0,0.4152,final_seq_line (nessuna traccia per-step: w_E=0),,0.12466666666666668,,,,,,
opt_anneal_noenergy,opt_anneal_noenergy__pa_pb1_wide_292363_3.out__2,2,YVCNVYDHFARKEVL,YVVGVFDHFARKEVL,80,30,50,0.0,4.9125,final_seq_line (nessuna traccia per-step: w_E=0),,0.25500000000000006,,,,,,
opt_anneal_noenergy,opt_anneal_noenergy__pa_pb1_wide_292363_3.out__3,3,YVCNVYDHFARKEVL,FVCNVYDLFARAEVL,80,30,50,0.0,1.7479,final_seq_line (nessuna traccia per-step: w_E=0),,0.18666666666666662,,,,,,
opt_anneal_noenergy,opt_anneal_noenergy__pa_pb1_wide_292363_3.out__4,0,YVGYRYKHRKRKKVL,YVGYAYKHRKRKKVL,80,30,50,0.0,-4.0674,final_seq_line (nessuna traccia per-step: w_E=0),,0.114,,,,,,
opt_anneal_noenergy,opt_anneal_noenergy__pa_pb1_wide_292363_3.out__5,1,YVGYRYKHRKRKKVL,YVGYLYPHRKRKKVL,80,30,50,0.0,-3.0423,final_seq_line (nessuna traccia per-step: w_E=0),,0.11066666666666669,,,,,,
opt_anneal_noenergy,opt_anneal_noenergy__pa_pb1_wide_292363_3.out__6,2,YVGYRYKHRKRKKVL,FLGYLYKHRKRKKVL,80,30,50,0.0,-3.6822,final_seq_line (nessuna traccia per-step: w_E=0),,0.10999999999999996,,,,,,
opt_anneal_noenergy,opt_anneal_noenergy__pa_pb1_wide_292363_3.out__7,3,YVGYRYKHRKRKKVL,YIGYPYPHRKRKKVL,80,30,50,0.0,-1.5714,final_seq_line (nessuna traccia per-step: w_E=0),,0.11066666666666669,,,,,,
opt_anneal_noenergy,opt_anneal_noenergy__pa_pb1_wide_292363_3.out__8,0,CHMNRYWHFCRKKQL,NHMNRYWQFCCKKQL,80,30,50,0.0,-2.3202,final_seq_line (nessuna traccia per-step: w_E=0),,0.20400000000000004,,,,,,
opt_anneal_noenergy,opt_anneal_noenergy__pa_pb1_wide_292363_3.out__9,1,CHMNRYWHFCRKKQL,EFMGRYWHFCRKKQL,80,30,50,0.0,3.7283,final_seq_line (nessuna traccia per-step: w_E=0),,0.20800000000000002,,,,,,
opt_anneal_noenergy,opt_anneal_noenergy__pa_pb1_wide_292363_3.out__10,2,CHMNRYWHFCRKKQL,EHMPRYWQFCRAWFL,80,30,50,0.0,2.9428,final_seq_line (nessuna traccia per-step: w_E=0),,0.625,,,,,,
opt_anneal_noenergy,opt_anneal_noenergy__pa_pb1_wide_292363_3.out__11,3,CHMNRYWHFCRKKQL,MHMNRYWHFCRAMQL,80,30,50,0.0,4.6915,final_seq_line (nessuna traccia per-step: w_E=0),,0.164,,,,,,
opt_anneal_noenergy,opt_anneal_noenergy__pa_pb1_wide_292363_3.out__12,0,CHCNVYDHFAKKESL,MHCNVFDHFCKSESL,80,30,50,0.0,0.9818,final_seq_line (nessuna traccia per-step: w_E=0),,0.16066666666666668,,,,,,
opt_anneal_noenergy,opt_anneal_noenergy__pa_pb1_wide_292363_3.out__13,1,CHCNVYDHFAKKESL,MHPSVYDMFCKGESL,80,30,50,0.0,2.5743,final_seq_line (nessuna traccia per-step: w_E=0),,0.26799999999999996,,,,,,
opt_anneal_noenergy,opt_anneal_noenergy__pa_pb1_wide_292363_3.out__14,2,CHCNVYDHFAKKESL,CHCNVYDMFAKCESL,80,30,50,0.0,0.0913,final_seq_line (nessuna traccia per-step: w_E=0),,0.15499999999999997,,,,,,
opt_anneal_noenergy,opt_anneal_noenergy__pa_pb1_wide_292363_3.out__15,3,CHCNVYDHFAKKESL,FFCNIYDHFAKAESL,80,30,50,0.0,-0.4227,final_seq_line (nessuna traccia per-step: w_E=0),,0.2699999999999999,,,,,,
opt_anneal_noenergy,opt_anneal_noenergy__pa_pb1_wide_292363_3.out__16,0,CWMNRYWHPCAKEWA,PWMQAFWHPDAKEWA,80,30,50,0.0,-1.8128,final_seq_line (nessuna traccia per-step: w_E=0),,0.202,,,,,,
opt_anneal_noenergy,opt_anneal_noenergy__pa_pb1_wide_292363_3.out__17,1,CWMNRYWHPCAKEWA,DWMLRFWHPDAAEWA,80,30,50,0.0,-3.1053,final_seq_line (nessuna traccia per-step: w_E=0),,0.338,,,,,,
opt_anneal_noenergy,opt_anneal_noenergy__pa_pb1_wide_292363_3.out__18,2,CWMNRYWHPCAKEWA,DWMLRFWFPDAKEWA,80,30,50,0.0,-0.8616,final_seq_line (nessuna traccia per-step: w_E=0),,0.43499999999999994,,,,,,
opt_anneal_noenergy,opt_anneal_noenergy__pa_pb1_wide_292363_3.out__19,3,CWMNRYWHPCAKEWA,DWMLRYWFPDAKEWA,80,30,50,0.0,4.9697,final_seq_line (nessuna traccia per-step: w_E=0),,0.3333333333333334,,,,,,
opt_anneal_noenergy,opt_anneal_noenergy__pa_pb1_wide_292363_3.out__20,0,CWPNVYWLFCRMEQL,EWPNPYWLFARMEQL,80,30,50,0.0,-0.6223,final_seq_line (nessuna traccia per-step: w_E=0),,0.3633333333333334,,,,,,
opt_anneal_noenergy,opt_anneal_noenergy__pa_pb1_wide_292363_3.out__21,1,CWPNVYWLFCRMEQL,EYINPYWLFCRMEQL,80,30,50,0.0,-1.2455,final_seq_line (nessuna traccia per-step: w_E=0),,0.18400000000000002,,,,,,
opt_anneal_noenergy,opt_anneal_noenergy__pa_pb1_wide_292363_3.out__22,2,CWPNVYWLFCRMEQL,EWINVFWLFCRMEQL,80,30,50,0.0,-3.4465,final_seq_line (nessuna traccia per-step: w_E=0),,0.425,,,,,,
opt_anneal_noenergy,opt_anneal_noenergy__pa_pb1_wide_292363_3.out__23,3,CWPNVYWLFCRMEQL,EWINPYWLQARMEQL,80,30,50,0.0,-1.9679,final_seq_line (nessuna traccia per-step: w_E=0),,0.2013333333333333,,,,,,
opt_anneal_noenergy,opt_anneal_noenergy__pa_pb1_wide_292363_3.out__24,0,CHCNVHEHFHRTELL,KHRNVHEHFHRLELL,80,30,50,0.0,7.1024,final_seq_line (nessuna traccia per-step: w_E=0),,0.1526666666666667,,,,,,
opt_anneal_noenergy,opt_anneal_noenergy__pa_pb1_wide_292363_3.out__25,1,CHCNVHEHFHRTELL,CHRNVHEHFHRLELL,80,30,50,0.0,4.3256,final_seq_line (nessuna traccia per-step: w_E=0),,0.17133333333333342,,,,,,
opt_anneal_noenergy,opt_anneal_noenergy__pa_pb1_wide_292363_3.out__26,2,CHCNVHEHFHRTELL,CHRNVHEHFHRLELL,80,30,50,0.0,4.3256,final_seq_line (nessuna traccia per-step: w_E=0),,0.17000000000000007,,,,,,
opt_anneal_noenergy,opt_anneal_noenergy__pa_pb1_wide_292363_3.out__27,3,CHCNVHEHFHRTELL,HHRNVHEHFLRTELL,80,30,50,0.0,4.9101,final_seq_line (nessuna traccia per-step: w_E=0),,0.22200000000000006,,,,,,
opt_anneal_noenergy,opt_anneal_noenergy__pa_pb1_wide_292363_3.out__28,0,IHCEVHCHRKRKGGL,IYAEVYCHRKRKGGL,80,30,50,0.0,-0.6966,final_seq_line (nessuna traccia per-step: w_E=0),,0.20999999999999996,,,,,,
opt_anneal_noenergy,opt_anneal_noenergy__pa_pb1_wide_292363_3.out__29,1,IHCEVHCHRKRKGGL,IYAEVYAHRKRKGGL,80,30,50,0.0,-1.7217,final_seq_line (nessuna traccia per-step: w_E=0),,0.168,,,,,,
opt_anneal_noenergy,opt_anneal_noenergy__pa_pb1_wide_292363_3.out__30,2,IHCEVHCHRKRKGGL,IYAEVYCHRKRKGGL,80,30,50,0.0,-0.6966,final_seq_line (nessuna traccia per-step: w_E=0),,0.21499999999999997,,,,,,
opt_anneal_noenergy,opt_anneal_noenergy__pa_pb1_wide_292363_3.out__31,3,IHCEVHCHRKRKGGL,IYAEVYCHRKRKGGL,80,30,50,0.0,-0.6966,final_seq_line (nessuna traccia per-step: w_E=0),,0.22,,,,,,
opt_anneal_noenergy,opt_anneal_noenergy__pa_pb1_wide_292363_3.out__32,0,CVCNVYDHFARKEML,CVVNIFDHFARKEML,80,30,50,0.0,1.7367,final_seq_line (nessuna traccia per-step: w_E=0),,0.17266666666666666,,,,,,
opt_anneal_noenergy,opt_anneal_noenergy__pa_pb1_wide_292363_3.out__33,1,CVCNVYDHFARKEML,VVCNIYDLFARKEML,80,30,50,0.0,-1.2559,final_seq_line (nessuna traccia per-step: w_E=0),,0.1366666666666667,,,,,,
opt_anneal_noenergy,opt_anneal_noenergy__pa_pb1_wide_292363_3.out__34,2,CVCNVYDHFARKEML,VVCNVFDFFARKEML,80,30,50,0.0,1.6004,final_seq_line (nessuna traccia per-step: w_E=0),,0.225,,,,,,
opt_anneal_noenergy,opt_anneal_noenergy__pa_pb1_wide_292363_3.out__35,3,CVCNVYDHFARKEML,EVCNVYDMFALGEML,80,30,50,0.0,7.3895,final_seq_line (nessuna traccia per-step: w_E=0),,0.39933333333333354,,,,,,
opt_anneal_noenergy,opt_anneal_noenergy__pa_pb1_wide_292363_3.out__36,0,CVMNRYDHRCRKEWL,CVMNRYDHRLRLEWL,80,30,50,0.0,3.549,final_seq_line (nessuna traccia per-step: w_E=0),,0.15066666666666667,,,,,,
opt_anneal_noenergy,opt_anneal_noenergy__pa_pb1_wide_292363_3.out__37,1,CVMNRYDHRCRKEWL,CVMNRYDHRVWAEFL,80,30,50,0.0,7.1855,final_seq_line (nessuna traccia per-step: w_E=0),,0.22200000000000006,,,,,,
opt_anneal_noenergy,opt_anneal_noenergy__pa_pb1_wide_292363_3.out__38,2,CVMNRYDHRCRKEWL,MVMNRYDHRIWAEFL,80,30,50,0.0,4.1788,final_seq_line (nessuna traccia per-step: w_E=0),,0.42999999999999994,,,,,,
opt_anneal_noenergy,opt_anneal_noenergy__pa_pb1_wide_292363_3.out__39,3,CVMNRYDHRCRKEWL,EVMNRYDHRLRKEWL,80,30,50,0.0,1.0651,final_seq_line (nessuna traccia per-step: w_E=0),,0.12066666666666664,,,,,,
opt_anneal_noenergy,opt_anneal_noenergy__pa_pb1_wide_292363_3.out__40,0,VHGYRYEHRKRKKKL,VFGYLYEHRKRKKKL,80,30,50,0.0,-3.7182,final_seq_line (nessuna traccia per-step: w_E=0),,0.11866666666666668,,,,,,
opt_anneal_noenergy,opt_anneal_noenergy__pa_pb1_wide_292363_3.out__41,1,VHGYRYEHRKRKKKL,VFGYLYEHRKRKKKL,80,30,50,0.0,-3.7182,final_seq_line (nessuna traccia per-step: w_E=0),,0.12133333333333335,,,,,,
opt_anneal_noenergy,opt_anneal_noenergy__pa_pb1_wide_292363_3.out__42,2,VHGYRYEHRKRKKKL,IFGYRYEHRKRKKKL,80,30,50,0.0,-4.4037,final_seq_line (nessuna traccia per-step: w_E=0),,0.125,,,,,,
opt_anneal_noenergy,opt_anneal_noenergy__pa_pb1_wide_292363_3.out__43,3,VHGYRYEHRKRKKKL,IFGYLYPHRKRKKKL,80,30,50,0.0,-3.5775,final_seq_line (nessuna traccia per-step: w_E=0),,0.1853333333333333,,,,,,
opt_anneal_noenergy,opt_anneal_noenergy__pa_pb1_wide_292363_3.out__44,0,YHCNVYWHFSRKKWL,ESCNVYWHFSRKKWL,80,30,50,0.0,-0.0821,final_seq_line (nessuna traccia per-step: w_E=0),,0.21066666666666667,,,,,,
opt_anneal_noenergy,opt_anneal_noenergy__pa_pb1_wide_292363_3.out__45,1,YHCNVYWHFSRKKWL,YHCNPYWPFSRKKWL,80,30,50,0.0,3.2404,final_seq_line (nessuna traccia per-step: w_E=0),,0.164,,,,,,
opt_anneal_noenergy,opt_anneal_noenergy__pa_pb1_wide_292363_3.out__46,2,YHCNVYWHFSRKKWL,VHCNPFWHFSRKKWL,80,30,50,0.0,-0.8661,final_seq_line (nessuna traccia per-step: w_E=0),,0.15500000000000005,,,,,,
opt_anneal_noenergy,opt_anneal_noenergy__pa_pb1_wide_292363_3.out__47,3,YHCNVYWHFSRKKWL,YCCNVYWHFSRKKWL,80,30,50,0.0,0.2341,final_seq_line (nessuna traccia per-step: w_E=0),,0.16466666666666668,,,,,,
opt_anneal_noenergy,opt_anneal_noenergy__pa_pb1_wide_292363_3.out__48,0,CVCNVYWHFSRKGLL,ETCTVYWHFSRKLLL,80,30,50,0.0,6.2876,final_seq_line (nessuna traccia per-step: w_E=0),,0.16999999999999998,,,,,,
opt_anneal_noenergy,opt_anneal_noenergy__pa_pb1_wide_292363_3.out__49,1,CVCNVYWHFSRKGLL,EVCNVYWHFSRALLL,80,30,50,0.0,5.4874,final_seq_line (nessuna traccia per-step: w_E=0),,0.17999999999999997,,,,,,
opt_anneal_noenergy,opt_anneal_noenergy__pa_pb1_wide_292363_3.out__50,2,CVCNVYWHFSRKGLL,SVCNVYWHFSRAGLL,80,30,50,0.0,4.3405,final_seq_line (nessuna traccia per-step: w_E=0),,0.20500000000000002,,,,,,
opt_anneal_noenergy,opt_anneal_noenergy__pa_pb1_wide_292363_3.out__51,3,CVCNVYWHFSRKGLL,EVCNVYWHFSRKGLL,80,30,50,0.0,0.5343,final_seq_line (nessuna traccia per-step: w_E=0),,0.19399999999999995,,,,,,
opt_anneal_noenergy,opt_anneal_noenergy__pa_pb1_wide_292363_3.out__52,0,CVGNVYWHPKRMKLL,CVGQIYWHPKRMKLL,80,30,50,0.0,-2.6711,final_seq_line (nessuna traccia per-step: w_E=0),,0.13933333333333334,,,,,,
opt_anneal_noenergy,opt_anneal_noenergy__pa_pb1_wide_292363_3.out__53,1,CVGNVYWHPKRMKLL,CVGNVYWYPKRMKLL,80,30,50,0.0,-3.3664,final_seq_line (nessuna traccia per-step: w_E=0),,0.15000000000000002,,,,,,
opt_anneal_noenergy,opt_anneal_noenergy__pa_pb1_wide_292363_3.out__54,2,CVGNVYWHPKRMKLL,CVGQVYLHPKRMKLL,80,30,50,0.0,-3.3401,final_seq_line (nessuna traccia per-step: w_E=0),,0.14,,,,,,
opt_anneal_noenergy,opt_anneal_noenergy__pa_pb1_wide_292363_3.out__55,3,CVGNVYWHPKRMKLL,CVGDVYWHAKRMKLL,80,30,50,0.0,-3.2791,final_seq_line (nessuna traccia per-step: w_E=0),,0.12066666666666664,,,,,,
opt_anneal_noenergy,opt_anneal_noenergy__pa_pb1_wide_292363_3.out__56,0,CVCNVFWHFARKGLL,CVNNPFWQEARKLLL,80,30,50,0.0,8.0538,final_seq_line (nessuna traccia per-step: w_E=0),,0.154,,,,,,
opt_anneal_noenergy,opt_anneal_noenergy__pa_pb1_wide_292363_3.out__57,1,CVCNVFWHFARKGLL,CVCNPFWHLARKLLL,80,30,50,0.0,4.3287,final_seq_line (nessuna traccia per-step: w_E=0),,0.13066666666666668,,,,,,
opt_anneal_noenergy,opt_anneal_noenergy__pa_pb1_wide_292363_3.out__58,2,CVCNVFWHFARKGLL,VVCNVFWMLARKGLL,80,30,50,0.0,3.3047,final_seq_line (nessuna traccia per-step: w_E=0),,0.11499999999999999,,,,,,
opt_anneal_noenergy,opt_anneal_noenergy__pa_pb1_wide_292363_3.out__59,3,CVCNVFWHFARKGLL,CVCYIFWHFARKGLL,80,30,50,0.0,0.6965,final_seq_line (nessuna traccia per-step: w_E=0),,0.1506666666666667,,,,,,
opt_anneal_noenergy,opt_anneal_noenergy__pa_pb1_wide_292363_3.out__60,0,DWCNVFDWPAAKEWA,YWIQVFDWPAAKEWA,80,30,50,0.0,5.225,final_seq_line (nessuna traccia per-step: w_E=0),,0.21266666666666664,,,,,,
opt_anneal_noenergy,opt_anneal_noenergy__pa_pb1_wide_292363_3.out__61,1,DWCNVFDWPAAKEWA,DWCQVFDWPAAKEWA,80,30,50,0.0,-0.1057,final_seq_line (nessuna traccia per-step: w_E=0),,0.17200000000000001,,,,,,
opt_anneal_noenergy,opt_anneal_noenergy__pa_pb1_wide_292363_3.out__62,2,DWCNVFDWPAAKEWA,AWAQLFDWPAAKEWA,80,30,50,0.0,2.9924,final_seq_line (nessuna traccia per-step: w_E=0),,0.2800000000000001,,,,,,
opt_anneal_noenergy,opt_anneal_noenergy__pa_pb1_wide_292363_3.out__63,3,DWCNVFDWPAAKEWA,SWIQVFDWPAAKEWA,80,30,50,0.0,6.4495,final_seq_line (nessuna traccia per-step: w_E=0),,0.2273333333333333,,,,,,
opt_anneal_noenergy,opt_anneal_noenergy__pa_pb1_wide_292363_3.out__64,0,CHGYRYDHRKRYKCL,MHGYLYDHRKRYKNL,80,30,50,0.0,-0.2782,final_seq_line (nessuna traccia per-step: w_E=0),,0.10933333333333334,,,,,,
opt_anneal_energy_B,opt_anneal_energy_B__pa_pb1_wide_292363_4.out__0,0,YVCNVYDHFARKEVL,VVCNVFDWQARKEVL,80,30,50,0.2,0.73,hard_steps_median,True,0.17800000000000002,4.354369969436444,49.0,stage_2,163.78945874034204,-8.36,4.306467109486649
opt_anneal_energy_B,opt_anneal_energy_B__pa_pb1_wide_292363_4.out__1,1,YVCNVYDHFARKEVL,SVCNVFDFFARCELL,80,30,50,0.2,-0.13,hard_steps_median,True,0.2713333333333333,5.058542010698443,49.0,stage_2,172.19162037553622,-10.69,4.967526576793831
opt_anneal_energy_B,opt_anneal_energy_B__pa_pb1_wide_292363_4.out__2,2,YVCNVYDHFARKEVL,YVCNVADWAARKAVL,80,30,50,0.2,-2.08,hard_steps_median,True,0.125,5.700440334025709,50.0,stage_2,164.30680962779982,-13.98,5.700440334025709
opt_anneal_energy_B,opt_anneal_energy_B__pa_pb1_wide_292363_4.out__3,3,YVCNVYDHFARKEVL,YVCNVFEHFARKELL,80,30,50,0.2,-2.48,hard_steps_median,True,0.1733333333333333,7.8464884597765625,50.0,stage_2,216.88498870869574,-18.86,7.8464884597765625
opt_anneal_energy_B,opt_anneal_energy_B__pa_pb1_wide_292363_4.out__4,0,YVGYRYKHRKRKKVL,YVGYAYKHRKRKKVL,80,30,50,0.2,-4.07,hard_steps_median,True,0.114,5.920793489794769,50.0,stage_2,171.42996490233446,-16.43,5.920793489794769
opt_anneal_energy_B,opt_anneal_energy_B__pa_pb1_wide_292363_4.out__5,1,YVGYRYKHRKRKKVL,YVDYCYLHRKRKKVL,80,30,50,0.2,-1.58,hard_steps_median,True,0.2566666666666667,5.56631232616628,49.0,stage_2,183.85596677331154,-13.2,5.551941468181341
opt_anneal_energy_B,opt_anneal_energy_B__pa_pb1_wide_292363_4.out__6,2,YVGYRYKHRKRKKVL,YIGYLYPHRKRKKVL,80,30,50,0.2,-2.9,hard_steps_median,True,0.10999999999999996,7.377040432268564,50.0,stage_2,198.5046613459591,-18.3,7.377040432268564
opt_anneal_energy_B,opt_anneal_energy_B__pa_pb1_wide_292363_4.out__7,3,YVGYRYKHRKRKKVL,YVDYLYKHRKRKKVL,80,30,50,0.2,-0.04,hard_steps_median,True,0.116,8.210550195395012,50.0,stage_2,272.40919367650423,-17.18,8.210550195395012
opt_anneal_energy_B,opt_anneal_energy_B__pa_pb1_wide_292363_4.out__8,0,CHMNRYWHFCRKKQL,FHMNRYWQFCRFKQL,80,30,50,0.2,-3.17,hard_steps_median,True,0.19266666666666674,4.440595117346077,50.0,stage_2,125.86955480408362,-12.44,4.440595117346077
opt_anneal_energy_B,opt_anneal_energy_B__pa_pb1_wide_292363_4.out__9,1,CHMNRYWHFCRKKQL,EFMNRYWHFCRKKQL,80,30,50,0.2,-0.43,hard_steps_median,True,0.192,5.949535205764647,50.0,stage_2,192.13358097263622,-12.85,5.949535205764647
opt_anneal_energy_B,opt_anneal_energy_B__pa_pb1_wide_292363_4.out__10,2,CHMNRYWHFCRKKQL,EHMNRYWQFCRKLQL,80,30,50,0.2,-1.75,hard_steps_median,True,0.15999999999999998,5.1591380165930145,47.0,stage_2,169.26954591859868,-12.52,5.029800294728566
opt_anneal_energy_B,opt_anneal_energy_B__pa_pb1_wide_292363_4.out__11,3,CHMNRYWHFCRKKQL,EHMNRYWQFCRMMQL,80,30,50,0.2,-2.95,hard_steps_median,True,0.3173333333333333,4.699270561074974,49.0,stage_2,113.26631235129231,-12.76,4.613045413165342
opt_anneal_energy_B,opt_anneal_energy_B__pa_pb1_wide_292363_4.out__12,0,CHCNVYDHFAKKESL,CHCNVFDIFAKMESL,80,30,50,0.2,-1.82,hard_steps_median,True,0.16666666666666663,3.4106836284254656,50.0,stage_2,114.281852982228,-8.94,3.4106836284254656
opt_anneal_energy_B,opt_anneal_energy_B__pa_pb1_wide_292363_4.out__13,1,CHCNVYDHFAKKESL,PHCNVFEHFCKSESL,80,30,50,0.2,2.85,hard_steps_median,True,0.1366666666666667,6.821367256850932,49.0,stage_2,254.373766905406,-11.39,6.71598096496138
opt_anneal_energy_B,opt_anneal_energy_B__pa_pb1_wide_292363_4.out__14,2,CHCNVYDHFAKKESL,MHFNVYDIFAKMESL,80,30,50,0.2,-4.14,hard_steps_median,True,0.21000000000000002,3.3963127704405274,50.0,stage_2,93.35788375615718,-11.23,3.3963127704405274
opt_anneal_energy_B,opt_anneal_energy_B__pa_pb1_wide_292363_4.out__15,3,CHCNVYDHFAKKESL,FHSNVYDWFAKKESL,80,30,50,0.2,-3.49,hard_steps_median,True,0.17666666666666672,2.9843481748722827,50.0,stage_2,81.17618647092407,-9.72,2.9843481748722827
opt_anneal_energy_B,opt_anneal_energy_B__pa_pb1_wide_292363_4.out__16,0,CWMNRYWHPCAKEWA,DWLNAFWHPNAKEWA,80,30,50,0.2,-5.57,hard_steps_median,True,0.264,5.714811192010647,49.0,stage_2,124.85401417314793,-17.5,5.523199752211464
opt_anneal_energy_B,opt_anneal_energy_B__pa_pb1_wide_292363_4.out__17,1,CWMNRYWHPCAKEWA,PWLNRYVHPCAMEWA,80,30,50,0.2,-2.43,hard_steps_median,True,0.12066666666666664,7.333927858313746,49.0,stage_2,206.45174581163025,-17.74,7.0369301266250135
opt_anneal_energy_B,opt_anneal_energy_B__pa_pb1_wide_292363_4.out__18,2,CWMNRYWHPCAKEWA,DWLNRYWHPCAMEFA,80,30,50,0.2,-1.95,hard_steps_median,True,0.22000000000000006,8.287194771314686,50.0,stage_2,221.68485527566534,-19.25,8.287194771314686
opt_anneal_energy_B,opt_anneal_energy_B__pa_pb1_wide_292363_4.out__19,3,CWMNRYWHPCAKEWA,DWLNAFWHPDAKEWA,80,30,50,0.2,-4.13,hard_steps_median,True,0.28800000000000003,6.150727217553789,49.0,stage_2,184.28709251285972,-16.97,6.093243785614035
opt_anneal_energy_B,opt_anneal_energy_B__pa_pb1_wide_292363_4.out__20,0,CWPNVYWLFCRMEQL,EWPNVYWLFCRMEQL,80,30,50,0.2,-3.21,hard_steps_median,True,0.252,6.438144377252564,48.0,stage_2,188.3444647506074,-16.65,6.270484367428279
opt_anneal_energy_B,opt_anneal_energy_B__pa_pb1_wide_292363_4.out__21,1,CWPNVYWLFCRMEQL,EWPNVYWLFCRMEQL,80,30,50,0.2,-3.21,hard_steps_median,True,0.24799999999999997,6.806996398865993,50.0,stage_2,206.56671267550973,-17.42,6.806996398865993
opt_anneal_energy_B,opt_anneal_energy_B__pa_pb1_wide_292363_4.out__22,2,CWPNVYWLFCRMEQL,CWPNVFWLFARMEQL,80,30,50,0.2,-2.83,hard_steps_median,True,0.3,8.071631901540604,50.0,stage_2,187.966032157004,-19.68,8.071631901540604
opt_anneal_energy_B,opt_anneal_energy_B__pa_pb1_wide_292363_4.out__23,3,CWPNVYWLFCRMEQL,EWPNVYWLFCRMEQL,80,30,50,0.2,-3.21,hard_steps_median,True,0.24799999999999997,8.153066763455257,49.0,stage_2,260.9987324364628,-20.23,8.081212473530561
opt_anneal_energy_B,opt_anneal_energy_B__pa_pb1_wide_292363_4.out__24,0,CHCNVHEHFHRTELL,MHENVHEHFHRLELL,80,30,50,0.2,1.86,hard_steps_median,True,0.1386666666666667,5.427394032311872,46.0,stage_2,212.62163417316393,-9.47,5.33158831241228
opt_anneal_energy_B,opt_anneal_energy_B__pa_pb1_wide_292363_4.out__25,1,CHCNVHEHFHRTELL,CHVNVHEYFLRMELM,80,30,50,0.2,1.3,hard_steps_median,True,0.18266666666666662,9.729070855803542,50.0,stage_2,292.8828760190469,-19.01,9.729070855803542
opt_anneal_energy_B,opt_anneal_energy_B__pa_pb1_wide_292363_4.out__26,2,CHCNVHEHFHRTELL,CHRNVHEHFHRLELL,80,30,50,0.2,4.33,hard_steps_median,True,0.17000000000000007,7.678828449952278,50.0,stage_2,282.9717742954342,-11.7,7.678828449952278
opt_anneal_energy_B,opt_anneal_energy_B__pa_pb1_wide_292363_4.out__27,3,CHCNVHEHFHRTELL,IHLSPHEFFFRCELL,80,30,50,0.2,-1.86,hard_steps_median,True,0.17400000000000004,3.717261932104159,46.0,stage_2,121.01699509116929,-9.62,3.415473914420445
opt_anneal_energy_B,opt_anneal_energy_B__pa_pb1_wide_292363_4.out__28,0,IHCEVHCHRKRKGGL,IYAEVYAHRKRKGGL,80,30,50,0.2,-1.72,hard_steps_median,True,0.162,7.113574702544686,49.0,stage_2,194.6101588320407,-16.57,7.06567184259489
opt_anneal_energy_B,opt_anneal_energy_B__pa_pb1_wide_292363_4.out__29,1,IHCEVHCHRKRKGGL,IYCEVYAHRKRKGGL,80,30,50,0.2,-2.12,hard_steps_median,True,0.20066666666666672,6.706400392971421,50.0,stage_2,227.66313219739988,-16.12,6.706400392971421
opt_anneal_energy_B,opt_anneal_energy_B__pa_pb1_wide_292363_4.out__30,2,IHCEVHCHRKRKGGL,IYAEVYCHRKRKGGL,80,30,50,0.2,-0.7,hard_steps_median,True,0.21499999999999997,8.157857049450238,50.0,stage_2,276.203100184528,-17.73,8.157857049450238
opt_anneal_energy_B,opt_anneal_energy_B__pa_pb1_wide_292363_4.out__31,3,IHCEVHCHRKRKGGL,IYCEVHCHRKRKGGL,80,30,50,0.2,-2.45,hard_steps_median,True,0.17133333333333342,7.3626695742836255,49.0,stage_2,246.94403332719267,-17.82,7.338718144308727
opt_anneal_energy_B,opt_anneal_energy_B__pa_pb1_wide_292363_4.out__32,0,CVCNVYDHFARKEML,VTCNVFDFFARKELL,80,30,50,0.2,0.51,hard_steps_median,True,0.1706666666666667,3.8849219419284444,49.0,stage_2,140.45597565879646,-7.6,3.769955078048935
opt_anneal_energy_B,opt_anneal_energy_B__pa_pb1_wide_292363_4.out__33,1,CVCNVYDHFARKEML,VVCNVFDIFARKEML,80,30,50,0.2,-1.81,hard_steps_median,True,0.2013333333333333,2.6633990132086507,50.0,stage_2,84.65393410327924,-7.37,2.6633990132086507
opt_anneal_energy_B,opt_anneal_energy_B__pa_pb1_wide_292363_4.out__34,2,CVCNVYDHFARKEML,MVCNVFDFWARCEML,80,30,50,0.2,-2.17,hard_steps_median,True,0.23,3.9136636578983226,50.0,stage_2,118.48293379982509,-10.34,3.9136636578983226
opt_anneal_energy_B,opt_anneal_energy_B__pa_pb1_wide_292363_4.out__35,3,CVCNVYDHFARKEML,MVGNVYDFFARSELL,80,30,50,0.2,-0.84,hard_steps_median,True,0.3406666666666666,4.799866566969546,49.0,stage_2,162.44338837575276,-10.86,4.732802563039832
opt_anneal_energy_B,opt_anneal_energy_B__pa_pb1_wide_292363_4.out__36,0,CVMNRYDHRCRKEWL,DVMNRYDHRARKEWL,80,30,50,0.2,-1.56,hard_steps_median,True,0.1193333333333333,6.725561536951339,48.0,stage_2,212.26715300953543,-15.6,6.648916961031666
opt_anneal_energy_B,opt_anneal_energy_B__pa_pb1_wide_292363_4.out__37,1,CVMNRYDHRCRKEWL,MVMNRYDHRLWQEWL,80,30,50,0.2,-0.1,hard_steps_median,True,0.26400000000000007,4.6130454131653424,49.0,stage_2,171.6263666281286,-9.73,4.598674555180403
opt_anneal_energy_B,opt_anneal_energy_B__pa_pb1_wide_292363_4.out__38,2,CVMNRYDHRCRKEWL,FVMNRYDHRARLEWL,80,30,50,0.2,-2.51,hard_steps_median,True,0.125,4.857349998909301,47.0,stage_2,150.4437219583289,-12.65,4.8333985689344034
opt_anneal_energy_B,opt_anneal_energy_B__pa_pb1_wide_292363_4.out__39,3,CVMNRYDHRCRKEWL,EVMNRYDHRLRKEWL,80,30,50,0.2,1.07,hard_steps_median,True,0.12066666666666664,6.802206112871014,50.0,stage_2,231.36602327151903,-13.13,6.802206112871014
opt_anneal_energy_B,opt_anneal_energy_B__pa_pb1_wide_292363_4.out__40,0,VHGYRYEHRKRKKKL,IFGYRYEHRKRKKKL,80,30,50,0.2,-4.4,hard_steps_median,True,0.12333333333333334,9.800925145728234,49.0,stage_2,229.20560428778327,-24.86,9.796134859733256
opt_anneal_energy_B,opt_anneal_energy_B__pa_pb1_wide_292363_4.out__41,1,VHGYRYEHRKRKKKL,IFGYIYEHRKRKKKL,80,30,50,0.2,-4.2,hard_steps_median,True,0.12666666666666668,5.633376330095995,49.0,stage_2,156.83396347563166,-15.96,5.6094249001210965
opt_anneal_energy_B,opt_anneal_energy_B__pa_pb1_wide_292363_4.out__42,2,VHGYRYEHRKRKKKL,IFGYLYEHRKRKKKL,80,30,50,0.2,-4.07,hard_steps_median,True,0.13500000000000004,8.129115333480359,50.0,stage_2,199.18488195724618,-21.04,8.129115333480359
opt_anneal_energy_B,opt_anneal_energy_B__pa_pb1_wide_292363_4.out__43,3,VHGYRYEHRKRKKKL,VFLYRYEHRKRKKKL,80,30,50,0.2,-3.75,hard_steps_median,True,0.12066666666666664,7.381830718263544,49.0,stage_2,207.98942761601867,-19.16,7.286024998363952
opt_anneal_energy_B,opt_anneal_energy_B__pa_pb1_wide_292363_4.out__44,0,YHCNVYWHFSRKKWL,FFCNVYWHFSRKKWL,80,30,50,0.2,-4.23,hard_steps_median,True,0.13733333333333334,5.187879732562893,49.0,stage_2,149.92637107087108,-15.06,5.178299160572933
opt_anneal_energy_B,opt_anneal_energy_B__pa_pb1_wide_292363_4.out__45,1,YHCNVYWHFSRKKWL,FFCNVYWHFSRKKWL,80,30,50,0.2,-4.23,hard_steps_median,True,0.14266666666666664,7.281234712368971,50.0,stage_2,169.20727220066394,-19.43,7.281234712368971
opt_anneal_energy_B,opt_anneal_energy_B__pa_pb1_wide_292363_4.out__46,2,YHCNVYWHFSRKKWL,YHCNPFWQFSRKKWL,80,30,50,0.2,-1.82,hard_steps_median,True,0.16000000000000003,5.844148913875095,50.0,stage_2,181.34106662594724,-14.02,5.844148913875095
opt_anneal_energy_B,opt_anneal_energy_B__pa_pb1_wide_292363_4.out__47,3,YHCNVYWHFSRKKWL,YMCNVYWHFSRKKWL,80,30,50,0.2,-2.19,hard_steps_median,True,0.14533333333333337,5.714811192010647,50.0,stage_2,180.22013970312202,-14.12,5.714811192010647
opt_anneal_energy_B,opt_anneal_energy_B__pa_pb1_wide_292363_4.out__48,0,CVCNVYWHFSRKGLL,ETCNVYWHFSRKSLL,80,30,50,0.2,0.92,hard_steps_median,True,0.21666666666666673,4.541191123240648,50.0,stage_2,151.57901973913906,-8.56,4.541191123240648
opt_anneal_energy_B,opt_anneal_energy_B__pa_pb1_wide_292363_4.out__49,1,CVCNVYWHFSRKGLL,EVCNIYWHFSRKSLL,80,30,50,0.2,0.42,hard_steps_median,True,0.232,4.565142553215546,50.0,stage_2,161.40868660083714,-9.11,4.565142553215546
opt_anneal_energy_B,opt_anneal_energy_B__pa_pb1_wide_292363_4.out__50,2,CVCNVYWHFSRKGLL,CVCNVYWHFSRKGLL,80,30,50,0.2,-1.58,hard_steps_median,True,0.16500000000000004,3.9663568038430976,48.0,stage_2,128.01560292983447,-9.86,3.937615087873221
opt_anneal_energy_B,opt_anneal_energy_B__pa_pb1_wide_292363_4.out__51,3,CVCNVYWHFSRKGLL,FVCNVYWHFSRKGLL,80,30,50,0.2,-3.68,hard_steps_median,True,0.14,1.8490503940621204,46.0,stage_2,47.03581818470456,-7.54,1.6478583822729778
opt_anneal_energy_B,opt_anneal_energy_B__pa_pb1_wide_292363_4.out__52,0,CVGNVYWHPKRMKLL,CVGQIYWHPKRMKLL,80,30,50,0.2,-2.67,hard_steps_median,True,0.13933333333333334,5.365120314377137,50.0,stage_2,150.93233112981682,-13.87,5.365120314377137
opt_anneal_energy_B,opt_anneal_energy_B__pa_pb1_wide_292363_4.out__53,1,CVGNVYWHPKRMKLL,CVGNVFWYPKRMKLL,80,30,50,0.2,-2.86,hard_steps_median,True,0.16399999999999998,4.828608282939424,50.0,stage_2,134.68847132084105,-12.94,4.828608282939424
opt_anneal_energy_B,opt_anneal_energy_B__pa_pb1_wide_292363_4.out__54,2,CVGNVYWHPKRMKLL,CVGSVYWLPKRMKLL,80,30,50,0.2,-3.92,hard_steps_median,True,0.11499999999999999,4.474127119310934,47.0,stage_2,120.47090248774163,-13.26,4.248983677546893
opt_anneal_energy_B,opt_anneal_energy_B__pa_pb1_wide_292363_4.out__55,3,CVGNVYWHPKRMKLL,CVCNVYWHPKRMKLL,80,30,50,0.2,-3.22,hard_steps_median,True,0.15533333333333338,4.531610551250688,46.0,stage_2,128.70061382711654,-12.68,4.378321399411342
opt_anneal_energy_B,opt_anneal_energy_B__pa_pb1_wide_292363_4.out__56,0,CVCNVFWHFARKGLL,CVCNIFWHFARKGLL,80,30,50,0.2,-2.22,hard_steps_median,True,0.18133333333333335,4.090904239712566,50.0,stage_2,123.87200554417711,-10.76,4.090904239712566
opt_anneal_energy_B,opt_anneal_energy_B__pa_pb1_wide_292363_4.out__57,1,CVCNVFWHFARKGLL,VVCNIFWLEARKGLL,80,30,50,0.2,2.46,hard_steps_median,True,0.3026666666666667,7.54949072808783,49.0,stage_2,216.16644580944882,-13.3,7.53032958410791
opt_anneal_energy_B,opt_anneal_energy_B__pa_pb1_wide_292363_4.out__58,2,CVCNVFWHFARKGLL,QVYNPFWHFARKGLL,80,30,50,0.2,-0.73,hard_steps_median,True,0.18499999999999991,4.584303697195464,49.0,stage_2,130.41074592732429,-10.3,4.584303697195464
opt_anneal_energy_B,opt_anneal_energy_B__pa_pb1_wide_292363_4.out__59,3,CVCNVFWHFARKGLL,CICYIFWHFARKGLL,80,30,50,0.2,-1.96,hard_steps_median,True,0.1506666666666667,5.403442602336974,48.0,stage_2,147.80906466109013,-13.24,5.178299160572933
opt_anneal_energy_B,opt_anneal_energy_B__pa_pb1_wide_292363_4.out__60,0,DWCNVFDWPAAKEWA,IWCQVFDWPAAKEWA,80,30,50,0.2,1.96,hard_steps_median,True,0.208,10.164986881346683,50.0,stage_2,375.4913580024699,-19.26,10.164986881346683
opt_anneal_energy_B,opt_anneal_energy_B__pa_pb1_wide_292363_4.out__61,1,DWCNVFDWPAAKEWA,DWVNVFDWPAAKEWA,80,30,50,0.2,-1.19,hard_steps_median,True,0.22066666666666673,8.531499357058644,49.0,stage_2,290.65060274538644,-19.0,8.44048392315403
opt_anneal_energy_B,opt_anneal_energy_B__pa_pb1_wide_292363_4.out__62,2,DWCNVFDWPAAKEWA,AWCNLFDFPAAKEWA,80,30,50,0.2,-1.56,hard_steps_median,True,0.22999999999999998,8.756642798822686,50.0,stage_2,300.83954105670796,-19.84,8.756642798822686
opt_anneal_energy_B,opt_anneal_energy_B__pa_pb1_wide_292363_4.out__63,3,DWCNVFDWPAAKEWA,IWCQVFDWPAAKEWA,80,30,50,0.2,1.96,hard_steps_median,True,0.21200000000000005,11.458364099991172,48.0,stage_2,394.2165859568451,-21.96,11.199688656262275
opt_anneal_energy_B,opt_anneal_energy_B__pa_pb1_wide_292363_4.out__64,0,CHGYRYDHRKRYKCL,DHGYRYDHRKRYIMM,80,30,50,0.2,-2.73,hard_steps_median,True,0.114,4.6561579871201575,50.0,stage_2,107.51796915731683,-12.45,4.6561579871201575
opt_anneal_energy_C,opt_anneal_energy_C__pa_pb1_wide_292363_5.out__0,0,YVCNVYDHFARKEVL,YVGNVFDHFARKELL,80,30,50,0.5,-1.4,hard_steps_median,True,0.27133333333333337,14.059489395265087,50.0,stage_2,410.46044576582085,-30.75,14.059489395265087
opt_anneal_energy_C,opt_anneal_energy_C__pa_pb1_wide_292363_5.out__1,1,YVCNVYDHFARKEVL,YVCNIFELFARKEVL,80,30,50,0.5,-2.12,hard_steps_median,True,0.14600000000000002,11.295494376161864,50.0,stage_2,321.65812399088924,-25.7,11.295494376161864
opt_anneal_energy_C,opt_anneal_energy_C__pa_pb1_wide_292363_5.out__2,2,YVCNVYDHFARKEVL,YVCNVFLHFARKETL,80,30,50,0.5,-3.08,hard_steps_median,True,0.14,9.297945116255375,50.0,stage_2,289.28537123681724,-22.49,9.297945116255375
opt_anneal_energy_C,opt_anneal_energy_C__pa_pb1_wide_292363_5.out__3,3,YVCNVYDHFARKEVL,YVCNVFDAFARMEVL,80,30,50,0.5,-0.35,hard_steps_median,True,0.27599999999999997,11.022448074448029,49.0,stage_2,350.93156170620955,-23.36,10.964964642508273
opt_anneal_energy_C,opt_anneal_energy_C__pa_pb1_wide_292363_5.out__4,0,YVGYRYKHRKRKKVL,YIGYRQEHRKRKKVL,80,30,50,0.5,-5.19,hard_steps_median,True,0.10933333333333334,12.004456703418844,50.0,stage_2,308.2022106309916,-30.25,12.004456703418844
opt_anneal_energy_C,opt_anneal_energy_C__pa_pb1_wide_292363_5.out__5,1,YVGYRYKHRKRKKVL,YVGYAYKLRKRKKVL,80,30,50,0.5,-4.31,hard_steps_median,True,0.11533333333333332,12.17211671324313,50.0,stage_2,303.83826008956527,-29.72,12.17211671324313
opt_anneal_energy_C,opt_anneal_energy_C__pa_pb1_wide_292363_5.out__6,2,YVGYRYKHRKRKKVL,FLGYRYKHRKRKKVL,80,30,50,0.5,-3.99,hard_steps_median,True,0.10999999999999996,16.392358674820144,50.0,stage_2,390.14005257511747,-38.21,16.392358674820144
opt_anneal_energy_C,opt_anneal_energy_C__pa_pb1_wide_292363_5.out__7,3,YVGYRYKHRKRKKVL,FIGYLYKHRKRKKVL,80,30,50,0.5,-3.57,hard_steps_median,True,0.11133333333333331,15.659444917588267,50.0,stage_2,407.5958547408231,-36.26,15.659444917588267
opt_anneal_energy_C,opt_anneal_energy_C__pa_pb1_wide_292363_5.out__8,0,CHMNRYWHFCRKKQL,EHLNRYWQFPRKKQD,80,30,50,0.5,-2.81,hard_steps_median,True,0.114,11.075141220392805,50.0,stage_2,335.33918079255096,-25.93,11.075141220392805
opt_anneal_energy_C,opt_anneal_energy_C__pa_pb1_wide_292363_5.out__9,1,CHMNRYWHFCRKKQL,FFMDSYIHFCRKKQL,80,30,50,0.5,-0.43,hard_steps_median,True,0.19800000000000004,10.581741762909907,50.0,stage_2,309.50037813563114,-22.52,10.581741762909907
opt_anneal_energy_C,opt_anneal_energy_C__pa_pb1_wide_292363_5.out__10,2,CHMNRYWHFCRKKQL,EHMNRYWQFCRKKQL,80,30,50,0.5,-3.21,hard_steps_median,True,0.205,10.442823469055499,48.0,stage_2,293.6397412062537,-25.01,10.284744031221173
opt_anneal_energy_C,opt_anneal_energy_C__pa_pb1_wide_292363_5.out__11,3,CHMNRYWHFCRKKQL,EHMNRYWQFCRMKFL,80,30,50,0.5,-3.89,hard_steps_median,True,0.22866666666666674,9.317106260235295,49.0,stage_2,229.72295517524105,-23.34,9.178187966380888
opt_anneal_energy_C,opt_anneal_energy_C__pa_pb1_wide_292363_5.out__12,0,CHCNVYDHFAKKESL,PHFNVYDIFAGKESL,80,30,50,0.5,-3.73,hard_steps_median,True,0.32933333333333337,9.982956013537459,50.0,stage_2,259.18800433036046,-24.57,9.982956013537459
opt_anneal_energy_C,opt_anneal_energy_C__pa_pb1_wide_292363_5.out__13,1,CHCNVYDHFAKKESL,CHCNVYDIFAKMESL,80,30,50,0.5,-2.57,hard_steps_median,True,0.19266666666666676,9.365009120185093,50.0,stage_2,250.46968381949767,-22.12,9.365009120185093
opt_anneal_energy_C,opt_anneal_energy_C__pa_pb1_wide_292363_5.out__14,2,CHCNVYDHFAKKESL,HHMNVYDIFAKMESL,80,30,50,0.5,-3.25,hard_steps_median,True,0.3199999999999999,7.42494329221836,50.0,stage_2,207.45770587057595,-18.75,7.42494329221836
opt_anneal_energy_C,opt_anneal_energy_C__pa_pb1_wide_292363_5.out__15,3,CHCNVYDHFAKKESL,FHCNVFDIFAKKESL,80,30,50,0.5,-2.89,hard_steps_median,True,0.15866666666666665,8.196179337410072,50.0,stage_2,246.96319447117259,-20.0,8.196179337410072
opt_anneal_energy_C,opt_anneal_energy_C__pa_pb1_wide_292363_5.out__16,0,CWMNRYWHPCAKEWA,DWLNLFWSPNYKEWA,80,30,50,0.5,-6.57,hard_steps_median,True,0.2533333333333334,26.839972429870624,50.0,stage_2,560.2191568268677,-62.6,26.839972429870624
opt_anneal_energy_C,opt_anneal_energy_C__pa_pb1_wide_292363_5.out__17,1,CWMNRYWHPCAKEWA,DWLNAFWFPDEKEWA,80,30,50,0.5,-1.97,hard_steps_median,True,0.32933333333333337,19.822203447225533,50.0,stage_2,581.9957969600449,-43.35,19.822203447225533
opt_anneal_energy_C,opt_anneal_energy_C__pa_pb1_wide_292363_5.out__18,2,CWMNRYWHPCAKEWA,DWLNSFWFPNYKEWA,80,30,50,0.5,-5.74,hard_steps_median,True,0.21,18.849775390244673,49.0,stage_2,470.61206700477953,-45.09,18.66295423644047
opt_anneal_energy_C,opt_anneal_energy_C__pa_pb1_wide_292363_5.out__19,3,CWMNRYWHPCAKEWA,DWLNAFWSPNEKEWA,80,30,50,0.5,-5.14,hard_steps_median,True,0.26799999999999996,16.67977583451892,49.0,stage_2,462.94281912681726,-39.96,16.536067254669533
opt_anneal_energy_C,opt_anneal_energy_C__pa_pb1_wide_292363_5.out__20,0,CWPNVYWLFCRMEQL,EWPNVYWLFCRMEQL,80,30,50,0.5,-3.21,hard_steps_median,True,0.252,16.9192901342679,50.0,stage_2,468.0540542834604,-38.53,16.9192901342679
opt_anneal_energy_C,opt_anneal_energy_C__pa_pb1_wide_292363_5.out__21,1,CWPNVYWLFCRMEQL,EWPNVYWLFCRMEQL,80,30,50,0.5,-3.21,hard_steps_median,True,0.24799999999999997,16.545647826659494,49.0,stage_2,473.079064292194,-37.75,16.502535252704675
opt_anneal_energy_C,opt_anneal_energy_C__pa_pb1_wide_292363_5.out__22,2,CWPNVYWLFCRMEQL,EWPNVYWLFCRMEQL,80,30,50,0.5,-3.21,hard_steps_median,True,0.25,13.805604237531169,50.0,stage_2,401.05232407168097,-32.03,13.805604237531169
opt_anneal_energy_C,opt_anneal_energy_C__pa_pb1_wide_292363_5.out__23,3,CWPNVYWLFCRMEQL,EWPNVYWLFCRMEQL,80,30,50,0.5,-3.21,hard_steps_median,True,0.24799999999999997,16.622292402579163,50.0,stage_2,480.4944270124224,-37.91,16.622292402579163
opt_anneal_energy_C,opt_anneal_energy_C__pa_pb1_wide_292363_5.out__24,0,CHCNVHEHFHRTELL,CHGNVHEHFHRLELL,80,30,50,0.5,1.75,hard_steps_median,True,0.16333333333333336,11.951763557474068,50.0,stage_2,361.19235430745584,-23.2,11.951763557474068
opt_anneal_energy_C,opt_anneal_energy_C__pa_pb1_wide_292363_5.out__25,1,CHCNVHEHFHRTELL,CDGNVHEFAHRMELL,80,30,50,0.5,-1.31,hard_steps_median,True,0.20266666666666672,16.152844375071165,50.0,stage_2,415.5621003504741,-35.03,16.152844375071165
opt_anneal_energy_C,opt_anneal_energy_C__pa_pb1_wide_292363_5.out__26,2,CHCNVHEHFHRTELL,CHGNVHEHFHRLELL,80,30,50,0.5,1.75,hard_steps_median,True,0.16500000000000004,11.36734866608656,50.0,stage_2,347.62626436967366,-21.98,11.36734866608656
opt_anneal_energy_C,opt_anneal_energy_C__pa_pb1_wide_292363_5.out__27,3,CHCNVHEHFHRTELL,DDGNVQEHFHRLELL,80,30,50,0.5,3.35,hard_steps_median,True,0.14666666666666667,18.849775390244673,50.0,stage_2,510.57742306089426,-36.0,18.849775390244673
opt_anneal_energy_C,opt_anneal_energy_C__pa_pb1_wide_292363_5.out__28,0,IHCEVHCHRKRKGGL,IYAEVYAHRKRKGGL,80,30,50,0.5,-1.72,hard_steps_median,True,0.162,16.291762668925575,50.0,stage_2,416.5584798374299,-35.73,16.291762668925575
opt_anneal_energy_C,opt_anneal_energy_C__pa_pb1_wide_292363_5.out__29,1,IHCEVHCHRKRKGGL,IYWEVFAHRKRKGGL,80,30,50,0.5,-3.75,hard_steps_median,True,0.25266666666666665,15.151674602120435,50.0,stage_2,421.48768412626384,-35.38,15.151674602120435
opt_anneal_energy_C,opt_anneal_energy_C__pa_pb1_wide_292363_5.out__30,2,IHCEVHCHRKRKGGL,IWCEVLCHRKRKGGL,80,30,50,0.5,-5.18,hard_steps_median,True,0.13500000000000004,19.007854828079,50.0,stage_2,504.9392564448033,-44.86,19.007854828079
opt_anneal_energy_C,opt_anneal_energy_C__pa_pb1_wide_292363_5.out__31,3,IHCEVHCHRKRKGGL,IWCEVLCHRKRKGGC,80,30,50,0.5,-6.08,hard_steps_median,True,0.1526666666666667,18.701276524400306,50.0,stage_2,463.3404128644006,-45.12,18.701276524400306
opt_anneal_energy_C,opt_anneal_energy_C__pa_pb1_wide_292363_5.out__32,0,CVCNVYDHFARKEML,VVCNVFDIFARKELL,80,30,50,0.5,-1.97,hard_steps_median,True,0.19866666666666663,8.622514790963256,49.0,stage_2,268.61528716848034,-19.97,8.603353646983338
opt_anneal_energy_C,opt_anneal_energy_C__pa_pb1_wide_292363_5.out__33,1,CVCNVYDHFARKEML,CVCNIYELFARMEML,80,30,50,0.5,-2.68,hard_steps_median,True,0.18866666666666668,8.368629633229338,50.0,stage_2,194.67722283597044,-20.15,8.368629633229338
opt_anneal_energy_C,opt_anneal_energy_C__pa_pb1_wide_292363_5.out__34,2,CVCNVYDHFARKEML,MVCNVYDFFARMELL,80,30,50,0.5,-2.83,hard_steps_median,True,0.25999999999999995,8.565031359023502,50.0,stage_2,230.28820892264866,-20.71,8.565031359023502
opt_anneal_energy_C,opt_anneal_energy_C__pa_pb1_wide_292363_5.out__35,3,CVCNVYDHFARKEML,SVGNVYDFFARMELL,80,30,50,0.5,-1.95,hard_steps_median,True,0.4206666666666666,9.465605126079664,49.0,stage_2,277.92281285672567,-21.71,9.307525688245336
opt_anneal_energy_C,opt_anneal_energy_C__pa_pb1_wide_292363_5.out__36,0,CVMNRYDHRCRKEWL,EVMNRYDHRARKEWL,80,30,50,0.5,0.82,hard_steps_median,True,0.1193333333333333,12.449953300951947,50.0,stage_2,393.9674910851062,-25.17,12.449953300951947
opt_anneal_energy_C,opt_anneal_energy_C__pa_pb1_wide_292363_5.out__37,1,CVMNRYDHRCRKEWL,DVMNRYDHRARLEWL,80,30,50,0.5,1.73,hard_steps_median,True,0.13066666666666668,13.738540233601455,50.0,stage_2,431.8107504454449,-26.95,13.738540233601455
opt_anneal_energy_C,opt_anneal_energy_C__pa_pb1_wide_292363_5.out__38,2,CVMNRYDHRCRKEWL,DDMNRYDHRARLEWL,80,30,50,0.5,0.29,hard_steps_median,True,0.13000000000000003,15.927700933307126,50.0,stage_2,448.71566972172786,-32.96,15.927700933307126
opt_anneal_energy_C,opt_anneal_energy_C__pa_pb1_wide_292363_5.out__39,3,CVMNRYDHRCRKEWL,DVMNRYDHRARKEWL,80,30,50,0.5,-1.56,hard_steps_median,True,0.12066666666666664,10.648805766839622,50.0,stage_2,320.0629587545612,-23.79,10.648805766839622
opt_anneal_energy_C,opt_anneal_energy_C__pa_pb1_wide_292363_5.out__40,0,VHGYRYEHRKRKKKL,VFVYRYEHRKRKKKC,80,30,50,0.5,-4.72,hard_steps_median,True,0.13399999999999998,14.203197975114474,49.0,stage_2,367.8364809824925,-34.37,14.174456259144598
opt_anneal_energy_C,opt_anneal_energy_C__pa_pb1_wide_292363_5.out__41,1,VHGYRYEHRKRKKKL,IFVYRYEHRKRKKKC,80,30,50,0.5,-4.67,hard_steps_median,True,0.13133333333333333,16.80911355638337,50.0,stage_2,424.7259174588701,-39.76,16.80911355638337
opt_anneal_energy_C,opt_anneal_energy_C__pa_pb1_wide_292363_5.out__42,2,VHGYRYEHRKRKKKL,VFGYRYEHRKRKKKL,80,30,50,0.5,-3.99,hard_steps_median,True,0.11000000000000003,15.740879779502922,50.0,stage_2,376.4350443434808,-36.85,15.740879779502922
opt_anneal_energy_C,opt_anneal_energy_C__pa_pb1_wide_292363_5.out__43,3,VHGYRYEHRKRKKKL,IFVYAYEHRKRKKKL,80,30,50,0.5,-4.15,hard_steps_median,True,0.12199999999999997,13.182867058183824,50.0,stage_2,356.8379843380194,-31.67,13.182867058183824
opt_anneal_energy_C,opt_anneal_energy_C__pa_pb1_wide_292363_5.out__44,0,YHCNVYWHFSRKKWL,YHCNVYWAWSRKKWL,80,30,50,0.5,-4.25,hard_steps_median,True,0.166,21.613770409347893,50.0,stage_2,494.02219466224483,-49.37,21.613770409347893
opt_anneal_energy_C,opt_anneal_energy_C__pa_pb1_wide_292363_5.out__45,1,YHCNVYWHFSRKKWL,DFFNVYWHYSRKKWL,80,30,50,0.5,-2.69,hard_steps_median,True,0.41133333333333333,24.02328426482263,50.0,stage_2,585.3825291584955,-52.84,24.02328426482263
opt_anneal_energy_C,opt_anneal_energy_C__pa_pb1_wide_292363_5.out__46,2,YHCNVYWHFSRKKWL,YHCNVFWAFSRKKWL,80,30,50,0.5,-4.15,hard_steps_median,True,0.16000000000000003,19.937170311105042,50.0,stage_2,458.0902594139029,-45.77,19.937170311105042
opt_anneal_energy_C,opt_anneal_energy_C__pa_pb1_wide_292363_5.out__47,3,YHCNVYWHFSRKKWL,YHCNVYWWFSRKKWL,80,30,50,0.5,-3.57,hard_steps_median,True,0.16466666666666668,17.163594720011858,50.0,stage_2,419.351216572503,-39.4,17.163594720011858
opt_anneal_energy_C,opt_anneal_energy_C__pa_pb1_wide_292363_5.out__48,0,CVCNVYWHFSRKGLL,EMCNVYWHFSRKSLL,80,30,50,0.5,-1.12,hard_steps_median,True,0.19866666666666663,7.252492996399095,49.0,stage_2,204.73682342542753,-16.26,7.233331852419175
opt_anneal_energy_C,opt_anneal_energy_C__pa_pb1_wide_292363_5.out__49,1,CVCNVYWHFSRKGLL,QVCNVYWHFSRKGLL,80,30,50,0.5,-0.19,hard_steps_median,True,0.18866666666666668,9.38417026416501,50.0,stage_2,274.2390829265863,-19.78,9.38417026416501
opt_anneal_energy_C,opt_anneal_energy_C__pa_pb1_wide_292363_5.out__50,2,CVCNVYWHFSRKGLL,EVCNVYWMFSRKSLL,80,30,50,0.5,4.01,hard_steps_median,True,0.23500000000000007,11.45357381399619,50.0,stage_2,382.7821732868288,-19.9,11.45357381399619
opt_anneal_energy_C,opt_anneal_energy_C__pa_pb1_wide_292363_5.out__51,3,CVCNVYWHFSRKGLL,EVCNVYWHFSRKGLL,80,30,50,0.5,0.53,hard_steps_median,True,0.19399999999999995,10.347017749155908,50.0,stage_2,313.63439494929844,-21.07,10.347017749155908
opt_anneal_energy_C,opt_anneal_energy_C__pa_pb1_wide_292363_5.out__52,0,CVGNVYWHPKRMKLL,CVGNVFWAPKRMKLL,80,30,50,0.5,-3.76,hard_steps_median,True,0.14666666666666664,10.308695461196072,50.0,stage_2,263.54716458579196,-25.28,10.308695461196072
opt_anneal_energy_C,opt_anneal_energy_C__pa_pb1_wide_292363_5.out__53,1,CVGNVYWHPKRMKLL,CVGNVYWAPKRMKLL,80,30,50,0.5,-4.3,hard_steps_median,True,0.12066666666666664,11.185317798277334,50.0,stage_2,273.1181560037611,-27.65,11.185317798277334
opt_anneal_energy_C,opt_anneal_energy_C__pa_pb1_wide_292363_5.out__54,2,CVGNVYWHPKRMKLL,CVFDVYWHPKRMKLL,80,30,50,0.5,-3.75,hard_steps_median,True,0.21,10.945803498528356,49.0,stage_2,297.77375801992105,-26.6,10.859578350618724
opt_anneal_energy_C,opt_anneal_energy_C__pa_pb1_wide_292363_5.out__55,3,CVGNVYWHPKRMKLL,CVFQVYWHPKRMKLL,80,30,50,0.5,-3.38,hard_steps_median,True,0.14133333333333337,12.378099011027253,50.0,stage_2,300.63834904491887,-29.22,12.378099011027253
opt_anneal_energy_C,opt_anneal_energy_C__pa_pb1_wide_292363_5.out__56,0,CVCNVFWHFARKGLL,CVCNIFWAFARKGLL,80,30,50,0.5,-3.42,hard_steps_median,True,0.1833333333333333,8.46922563912391,50.0,stage_2,230.0295334789198,-21.1,8.46922563912391
opt_anneal_energy_C,opt_anneal_energy_C__pa_pb1_wide_292363_5.out__57,1,CVCNVFWHFARKGLL,CVCNVFWHFARKGLL,80,30,50,0.5,-2.81,hard_steps_median,True,0.18866666666666668,9.719490283813583,49.0,stage_2,258.847894024717,-23.1,9.647635993888889
opt_anneal_energy_C,opt_anneal_energy_C__pa_pb1_wide_292363_5.out__58,2,CVCNVFWHFARKGLL,QVCNIFWAFARQGLL,80,30,50,0.5,-1.28,hard_steps_median,True,0.20499999999999993,10.409291467090643,50.0,stage_2,262.51725309687134,-23.01,10.409291467090643
opt_anneal_energy_C,opt_anneal_energy_C__pa_pb1_wide_292363_5.out__59,3,CVCNVFWHFARKGLL,CVCQIFWAFARKGLL,80,30,50,0.5,0.89,hard_steps_median,True,0.136,10.802094918678968,49.0,stage_2,324.5035538719072,-21.66,10.615273764874765
opt_anneal_energy_C,opt_anneal_energy_C__pa_pb1_wide_292363_5.out__60,0,DWCNVFDWPAAKEWA,DWLNVFGWPAAKEWA,80,30,50,0.5,-3.86,hard_steps_median,True,0.25800000000000006,16.96240270822272,48.0,stage_2,503.50696093230437,-39.27,16.746839838448636
opt_anneal_energy_C,opt_anneal_energy_C__pa_pb1_wide_292363_5.out__61,1,DWCNVFDWPAAKEWA,DWLNVFDWPAAKEWA,80,30,50,0.5,-1.94,hard_steps_median,True,0.22200000000000003,16.66540497653398,50.0,stage_2,504.93446615880833,-36.73,16.66540497653398
opt_anneal_energy_C,opt_anneal_energy_C__pa_pb1_wide_292363_5.out__62,2,DWCNVFDWPAAKEWA,DWCNLFDWPAAKEWA,80,30,50,0.5,-2.4,hard_steps_median,True,0.16999999999999998,26.528603840196954,50.0,stage_2,676.3835922051228,-57.78,26.528603840196954
opt_anneal_energy_C,opt_anneal_energy_C__pa_pb1_wide_292363_5.out__63,3,DWCNVFDWPAAKEWA,IWLNVFDWPAAKEWA,80,30,50,0.5,-0.53,hard_steps_median,True,0.2373333333333333,21.09162923589512,49.0,stage_2,653.7590714508341,-44.56,20.952710942040714
opt_anneal_energy_C,opt_anneal_energy_C__pa_pb1_wide_292363_5.out__64,0,CHGYRYDHRKRYKCL,DHGYRYDHRKRYIAL,80,30,50,0.5,-2.28,hard_steps_median,True,0.13399999999999998,8.991366812576684,50.0,stage_2,230.89657524401105,-21.05,8.991366812576684
gen_energy_C,gen_energy_C__pa_pb1_wide_304814_0.out__0,0,,AWGEWWCWSFFQGEC,180,30,150,0.5,-6.54,hard_steps_median,True,0.4270000000000001,24.44961971837581,150.0,stage_2,625.4724326504795,-57.58,24.44961971837581
gen_energy_C,gen_energy_C__pa_pb1_wide_304814_0.out__1,1,,AWSWWCFQGNYYRFA,180,30,150,0.5,-7.21,hard_steps_median,True,0.3916666666666667,19.975492599064875,149.0,stage_2,680.6086244526947,-48.91,19.9227994531201
gen_energy_C,gen_energy_C__pa_pb1_wide_304814_0.out__2,2,,TAGNRWAVVMWQCGG,180,30,150,0.5,-3.59,hard_steps_median,True,0.5010000000000001,14.327745410983944,149.0,stage_2,422.30682303140543,-33.5,14.308584267004026
gen_energy_C,gen_energy_C__pa_pb1_wide_304814_0.out__3,3,,AIGPRHVMVFYCGFW,180,30,150,0.5,-6.57,hard_steps_median,True,0.3056666666666667,16.085780371141453,150.0,stage_2,453.0939911211392,-40.15,16.085780371141453
gen_energy_C,gen_energy_C__pa_pb1_wide_304814_0.out__4,4,,AIGNPHVFVNYYGFC,180,30,150,0.5,-8.66,hard_steps_median,True,0.26933333333333326,24.152621986687077,150.0,stage_2,552.5067963749506,-59.08,24.152621986687077
gen_energy_C,gen_energy_C__pa_pb1_wide_304814_0.out__5,5,,NDNWRWWDNFWQDDA,180,30,150,0.5,-4.15,hard_steps_median,True,0.7083333333333335,13.628363655716926,150.0,stage_2,428.0791176553558,-32.6,13.628363655716926
gen_energy_C,gen_energy_C__pa_pb1_wide_304814_0.out__6,6,,AIGPPAWDVFYQWFC,180,30,150,0.5,-6.0,hard_steps_median,True,0.25133333333333335,16.991144424192594,150.0,stage_2,412.8747499072906,-41.47,16.991144424192594
gen_energy_C,gen_energy_C__pa_pb1_wide_304814_0.out__7,7,,GAKWTVRCVFWNCPC,180,30,150,0.5,-3.58,hard_steps_median,True,0.4153333333333334,12.579291022816394,150.0,stage_2,367.481999818864,-29.84,12.579291022816394
gen_energy_C,gen_energy_C__pa_pb1_wide_304814_0.out__8,8,,DWFWWSICSNKQKRA,180,30,150,0.5,-5.86,hard_steps_median,True,0.3626666666666667,23.21372593167108,150.0,stage_2,665.2365966948053,-54.32,23.21372593167108
gen_energy_C,gen_energy_C__pa_pb1_wide_304814_0.out__9,9,,AIGGPWIMLNYQEFC,180,30,150,0.5,-6.58,hard_steps_median,True,0.22566666666666665,19.745558871305857,147.0,stage_2,469.7785572416531,-47.8,19.51562514354684
gen_energy_C,gen_energy_C__pa_pb1_wide_304814_0.out__10,10,,DIGWAWADVFYQKKA,180,30,150,0.5,-5.48,hard_steps_median,True,0.3453333333333334,9.911101723612767,145.0,stage_2,258.0910288375101,-26.17,9.86319886366297
gen_energy_C,gen_energy_C__pa_pb1_wide_304814_0.out__11,11,,AIGLLPWELMYYRFA,180,30,150,0.5,-7.45,hard_steps_median,True,0.3323333333333333,24.028074550817607,150.0,stage_2,669.2604369305878,-57.61,24.028074550817607
gen_energy_C,gen_energy_C__pa_pb1_wide_304814_0.out__12,12,,TAKNRVWCVFWQCFC,180,30,150,0.5,-4.46,hard_steps_median,True,0.37700000000000006,13.700217945641619,150.0,stage_2,383.438442468141,-33.06,13.700217945641619
gen_energy_C,gen_energy_C__pa_pb1_wide_304814_0.out__13,13,,AISGPARQVFYYWFC,180,30,150,0.5,-5.89,hard_steps_median,True,0.3036666666666667,24.08076769676238,149.0,stage_2,717.632744907892,-56.16,24.075977410767404
gen_energy_C,gen_energy_C__pa_pb1_wide_304814_0.out__14,14,,MHWNPAQVVAWQWFC,180,30,150,0.5,-5.69,hard_steps_median,True,0.4966666666666667,24.11908998472222,150.0,stage_2,617.0654807292904,-56.04,24.11908998472222
gen_energy_C,gen_energy_C__pa_pb1_wide_304814_0.out__15,15,,DWFWWWWCNNSNKDA,180,30,150,0.5,-5.04,hard_steps_median,True,0.4146666666666668,29.00039141360642,149.0,stage_2,946.0671131504835,-65.58,29.00039141360642
gen_energy_C,gen_energy_C__pa_pb1_wide_304814_0.out__16,16,,NGKKRACWVNWFGTC,180,30,150,0.5,-6.04,hard_steps_median,True,0.4740000000000001,20.344344620678303,149.0,stage_2,690.4957747463326,-48.51,20.248538900778716
opt_anneal_noenergy,opt_anneal_noenergy__pa_pb1_wide_304814_1.out__0,0,YVCNVYDHFARKEVL,YVRNVYDYFARKEVH,80,30,50,0.0,5.4918,final_seq_line (nessuna traccia per-step: w_E=0),,0.287,,,,,,
opt_anneal_noenergy,opt_anneal_noenergy__pa_pb1_wide_304814_1.out__1,1,YVCNVYDHFARKEVL,GVCNVFPWPARKEVS,80,30,50,0.0,3.794,final_seq_line (nessuna traccia per-step: w_E=0),,0.23899999999999996,,,,,,
opt_anneal_noenergy,opt_anneal_noenergy__pa_pb1_wide_304814_1.out__2,2,YVCNVYDHFARKEVL,YVPNVDWYFARKQVL,80,30,50,0.0,-2.5407,final_seq_line (nessuna traccia per-step: w_E=0),,0.39100000000000007,,,,,,
opt_anneal_noenergy,opt_anneal_noenergy__pa_pb1_wide_304814_1.out__3,3,YVCNVYDHFARKEVL,FVWWVECHQARKEVE,80,30,50,0.0,2.1512,final_seq_line (nessuna traccia per-step: w_E=0),,0.38233333333333336,,,,,,
opt_anneal_noenergy,opt_anneal_noenergy__pa_pb1_wide_304814_1.out__4,0,YVGYRYKHRKRKKVL,WVGYWYKHRKRKKVG,80,30,50,0.0,-3.6628,final_seq_line (nessuna traccia per-step: w_E=0),,0.4276666666666666,,,,,,
opt_anneal_noenergy,opt_anneal_noenergy__pa_pb1_wide_304814_1.out__5,1,YVGYRYKHRKRKKVL,WVGYRYKHRKRKKVT,80,30,50,0.0,-3.4746,final_seq_line (nessuna traccia per-step: w_E=0),,0.319,,,,,,
opt_anneal_noenergy,opt_anneal_noenergy__pa_pb1_wide_304814_1.out__6,2,YVGYRYKHRKRKKVL,WVGYRYKSRKRKKVC,80,30,50,0.0,-4.2099,final_seq_line (nessuna traccia per-step: w_E=0),,0.25,,,,,,
opt_anneal_noenergy,opt_anneal_noenergy__pa_pb1_wide_304814_1.out__7,3,YVGYRYKHRKRKKVL,YVAYRYKIRKRKKVL,80,30,50,0.0,-1.4312,final_seq_line (nessuna traccia per-step: w_E=0),,0.23466666666666672,,,,,,
opt_anneal_noenergy,opt_anneal_noenergy__pa_pb1_wide_304814_1.out__8,0,CHMNRYWHFCRKKQL,THMNRYWHFLGKKQL,80,30,50,0.0,-2.3025,final_seq_line (nessuna traccia per-step: w_E=0),,0.3643333333333331,,,,,,
opt_anneal_noenergy,opt_anneal_noenergy__pa_pb1_wide_304814_1.out__9,1,CHMNRYWHFCRKKQL,EHMNRYWHFMRKKQD,80,30,50,0.0,-0.8008,final_seq_line (nessuna traccia per-step: w_E=0),,0.327,,,,,,
opt_anneal_noenergy,opt_anneal_noenergy__pa_pb1_wide_304814_1.out__10,2,CHMNRYWHFCRKKQL,SHMNRWWHFQRKSQL,80,30,50,0.0,-0.7303,final_seq_line (nessuna traccia per-step: w_E=0),,0.4336666666666666,,,,,,
opt_anneal_noenergy,opt_anneal_noenergy__pa_pb1_wide_304814_1.out__11,3,CHMNRYWHFCRKKQL,RHMNRYWHFLGKKQA,80,30,50,0.0,-1.4258,final_seq_line (nessuna traccia per-step: w_E=0),,0.3483333333333334,,,,,,
opt_anneal_noenergy,opt_anneal_noenergy__pa_pb1_wide_304814_1.out__12,0,CHCNVYDHFAKKESL,MHFNVMDRLAKKESL,80,30,50,0.0,-1.2803,final_seq_line (nessuna traccia per-step: w_E=0),,0.4823333333333333,,,,,,
opt_anneal_noenergy,opt_anneal_noenergy__pa_pb1_wide_304814_1.out__13,1,CHCNVYDHFAKKESL,PHCNVMWHFAKKGSL,80,30,50,0.0,-3.0789,final_seq_line (nessuna traccia per-step: w_E=0),,0.35700000000000004,,,,,,
opt_anneal_noenergy,opt_anneal_noenergy__pa_pb1_wide_304814_1.out__14,2,CHCNVYDHFAKKESL,GHYNVWWWFAKKESL,80,30,50,0.0,-3.6302,final_seq_line (nessuna traccia per-step: w_E=0),,0.3573333333333333,,,,,,
opt_anneal_noenergy,opt_anneal_noenergy__pa_pb1_wide_304814_1.out__15,3,CHCNVYDHFAKKESL,WHPGVMDYFAKKRSL,80,30,50,0.0,1.9864,final_seq_line (nessuna traccia per-step: w_E=0),,0.41300000000000014,,,,,,
opt_anneal_noenergy,opt_anneal_noenergy__pa_pb1_wide_304814_1.out__16,0,CWMNRYWHPCAKEWA,GWMNRWMHLWAKEVA,80,30,50,0.0,0.7636,final_seq_line (nessuna traccia per-step: w_E=0),,0.32333333333333336,,,,,,
opt_anneal_noenergy,opt_anneal_noenergy__pa_pb1_wide_304814_1.out__17,1,CWMNRYWHPCAKEWA,SWMNRWWHCWAFEWA,80,30,50,0.0,-0.3515,final_seq_line (nessuna traccia per-step: w_E=0),,0.5223333333333334,,,,,,
opt_anneal_noenergy,opt_anneal_noenergy__pa_pb1_wide_304814_1.out__18,2,CWMNRYWHPCAKEWA,DWMNRFWHCCAKEDA,80,30,50,0.0,-2.0918,final_seq_line (nessuna traccia per-step: w_E=0),,0.3256666666666667,,,,,,
opt_anneal_noenergy,opt_anneal_noenergy__pa_pb1_wide_304814_1.out__19,3,CWMNRYWHPCAKEWA,RWMNRWWHIFAKETA,80,30,50,0.0,5.9833,final_seq_line (nessuna traccia per-step: w_E=0),,0.3303333333333333,,,,,,
opt_anneal_noenergy,opt_anneal_noenergy__pa_pb1_wide_304814_1.out__20,0,CWPNVYWLFCRMEQL,GWPNVYWLFWRMEQL,80,30,50,0.0,-0.2581,final_seq_line (nessuna traccia per-step: w_E=0),,0.2353333333333333,,,,,,
opt_anneal_noenergy,opt_anneal_noenergy__pa_pb1_wide_304814_1.out__21,1,CWPNVYWLFCRMEQL,CWPNVSWLFPRAEQL,80,30,50,0.0,1.5072,final_seq_line (nessuna traccia per-step: w_E=0),,0.30566666666666664,,,,,,
opt_anneal_noenergy,opt_anneal_noenergy__pa_pb1_wide_304814_1.out__22,2,CWPNVYWLFCRMEQL,CWPNVYWLFCRAEQL,80,30,50,0.0,2.0058,final_seq_line (nessuna traccia per-step: w_E=0),,0.2166666666666667,,,,,,
opt_anneal_noenergy,opt_anneal_noenergy__pa_pb1_wide_304814_1.out__23,3,CWPNVYWLFCRMEQL,GKPNVWWLFDRMEQG,80,30,50,0.0,-1.8549,final_seq_line (nessuna traccia per-step: w_E=0),,0.3056666666666668,,,,,,
opt_anneal_noenergy,opt_anneal_noenergy__pa_pb1_wide_304814_1.out__24,0,CHCNVHEHFHRTELL,SRKNVREHFHRTELF,80,30,50,0.0,9.3135,final_seq_line (nessuna traccia per-step: w_E=0),,0.428,,,,,,
opt_anneal_noenergy,opt_anneal_noenergy__pa_pb1_wide_304814_1.out__25,1,CHCNVHEHFHRTELL,CHGNVHEHFRRTELL,80,30,50,0.0,3.0305,final_seq_line (nessuna traccia per-step: w_E=0),,0.31,,,,,,
opt_anneal_noenergy,opt_anneal_noenergy__pa_pb1_wide_304814_1.out__26,2,CHCNVHEHFHRTELL,QHKNVHEHFHRTELL,80,30,50,0.0,6.4409,final_seq_line (nessuna traccia per-step: w_E=0),,0.31533333333333335,,,,,,
opt_anneal_noenergy,opt_anneal_noenergy__pa_pb1_wide_304814_1.out__27,3,CHCNVHEHFHRTELL,PHPNVREHFRRTRLL,80,30,50,0.0,1.4604,final_seq_line (nessuna traccia per-step: w_E=0),,0.5546666666666666,,,,,,
opt_anneal_noenergy,opt_anneal_noenergy__pa_pb1_wide_304814_1.out__28,0,IHCEVHCHRKRKGGL,PHWEVHAFRKRKGGL,80,30,50,0.0,-3.8179,final_seq_line (nessuna traccia per-step: w_E=0),,0.37599999999999995,,,,,,
opt_anneal_noenergy,opt_anneal_noenergy__pa_pb1_wide_304814_1.out__29,1,IHCEVHCHRKRKGGL,VHPEVHIHRKRKGGL,80,30,50,0.0,-1.6856,final_seq_line (nessuna traccia per-step: w_E=0),,0.3320000000000001,,,,,,
opt_anneal_noenergy,opt_anneal_noenergy__pa_pb1_wide_304814_1.out__30,2,IHCEVHCHRKRKGGL,MHPEVYMHRKRKGGL,80,30,50,0.0,-1.5409,final_seq_line (nessuna traccia per-step: w_E=0),,0.4599999999999999,,,,,,
opt_anneal_noenergy,opt_anneal_noenergy__pa_pb1_wide_304814_1.out__31,3,IHCEVHCHRKRKGGL,IHPEVYDHRKRKGGL,80,30,50,0.0,-1.3688,final_seq_line (nessuna traccia per-step: w_E=0),,0.3323333333333333,,,,,,
opt_anneal_noenergy,opt_anneal_noenergy__pa_pb1_wide_304814_1.out__32,0,CVCNVYDHFARKEML,CVWNVQWHFARKEML,80,30,50,0.0,-3.7091,final_seq_line (nessuna traccia per-step: w_E=0),,0.2763333333333333,,,,,,
opt_anneal_noenergy,opt_anneal_noenergy__pa_pb1_wide_304814_1.out__33,1,CVCNVYDHFARKEML,CVPWVDFHFARKEMS,80,30,50,0.0,8.2429,final_seq_line (nessuna traccia per-step: w_E=0),,0.284,,,,,,
opt_anneal_noenergy,opt_anneal_noenergy__pa_pb1_wide_304814_1.out__34,2,CVCNVYDHFARKEML,WVFNVYCRFARKEML,80,30,50,0.0,-3.6374,final_seq_line (nessuna traccia per-step: w_E=0),,0.22333333333333333,,,,,,
opt_anneal_noenergy,opt_anneal_noenergy__pa_pb1_wide_304814_1.out__35,3,CVCNVYDHFARKEML,MVCNVEFYFARKEKL,80,30,50,0.0,-1.54,final_seq_line (nessuna traccia per-step: w_E=0),,0.18466666666666667,,,,,,
opt_anneal_noenergy,opt_anneal_noenergy__pa_pb1_wide_304814_1.out__36,0,CVMNRYDHRCRKEWL,WVMNWWDARERKENL,80,30,50,0.0,2.4692,final_seq_line (nessuna traccia per-step: w_E=0),,0.3643333333333334,,,,,,
opt_anneal_noenergy,opt_anneal_noenergy__pa_pb1_wide_304814_1.out__37,1,CVMNRYDHRCRKEWL,MVIWRYDFRKRKESS,80,30,50,0.0,4.5135,final_seq_line (nessuna traccia per-step: w_E=0),,0.2406666666666667,,,,,,
opt_anneal_noenergy,opt_anneal_noenergy__pa_pb1_wide_304814_1.out__38,2,CVMNRYDHRCRKEWL,GVMNFLYHRFRKEML,80,30,50,0.0,6.5745,final_seq_line (nessuna traccia per-step: w_E=0),,0.7306666666666665,,,,,,
opt_anneal_noenergy,opt_anneal_noenergy__pa_pb1_wide_304814_1.out__39,3,CVMNRYDHRCRKEWL,KVMNRYFHRCAMMWL,80,30,50,0.0,2.0046,final_seq_line (nessuna traccia per-step: w_E=0),,0.27799999999999997,,,,,,
opt_anneal_noenergy,opt_anneal_noenergy__pa_pb1_wide_304814_1.out__40,0,VHGYRYEHRKRKKKL,VHGYRYEWRKRKKKL,80,30,50,0.0,-4.5978,final_seq_line (nessuna traccia per-step: w_E=0),,0.29366666666666674,,,,,,
opt_anneal_energy_C,opt_anneal_energy_C__pa_pb1_wide_304814_2.out__0,0,YVCNVYDHFARKEVL,YWGNVYDHPARKEVL,80,30,50,0.5,-3.4,hard_steps_median,True,0.30000000000000004,14.663065430632514,50.0,stage_2,332.1919628938494,-34.01,14.663065430632514
opt_anneal_energy_C,opt_anneal_energy_C__pa_pb1_wide_304814_2.out__1,1,YVCNVYDHFARKEVL,YVLNVYDRFARKEVL,80,30,50,0.5,0.58,hard_steps_median,True,0.39633333333333337,13.623573369721944,50.0,stage_2,434.5460037485782,-27.86,13.623573369721944
opt_anneal_energy_C,opt_anneal_energy_C__pa_pb1_wide_304814_2.out__2,2,YVCNVYDHFARKEVL,YVFNVYDHLARKEVL,80,30,50,0.5,-1.47,hard_steps_median,True,0.3663333333333333,10.227260599281419,49.0,stage_2,304.69572128266657,-22.82,10.155406309356726
opt_anneal_energy_C,opt_anneal_energy_C__pa_pb1_wide_304814_2.out__3,3,YVCNVYDHFARKEVL,YVGNVQCHAARKEAL,80,30,50,0.5,-2.52,hard_steps_median,True,0.1786666666666666,7.501587868138033,50.0,stage_2,245.27222351494484,-18.18,7.501587868138033
opt_anneal_energy_C,opt_anneal_energy_C__pa_pb1_wide_304814_2.out__4,0,YVGYRYKHRKRKKVL,WVGYRLKARKRKKDL,80,30,50,0.5,-4.2,hard_steps_median,True,0.31,15.434301475824228,50.0,stage_2,381.5223280701492,-36.42,15.434301475824228
opt_anneal_energy_C,opt_anneal_energy_C__pa_pb1_wide_304814_2.out__5,1,YVGYRYKHRKRKKVL,YVYYRYKHRKRKKVC,80,30,50,0.5,-3.63,hard_steps_median,True,0.2403333333333334,17.786331899359205,50.0,stage_2,429.12340000226135,-40.76,17.786331899359205
opt_anneal_energy_C,opt_anneal_energy_C__pa_pb1_wide_304814_2.out__6,2,YVGYRYKHRKRKKVL,WVWYRYKHRKRKKVL,80,30,50,0.5,-2.48,hard_steps_median,True,0.3523333333333334,16.12889294509627,49.0,stage_2,458.4064182895716,-36.15,15.961232935271983
opt_anneal_energy_C,opt_anneal_energy_C__pa_pb1_wide_304814_2.out__7,3,YVGYRYKHRKRKKVL,WVGERYKHRKRKKVL,80,30,50,0.5,-4.08,hard_steps_median,True,0.3393333333333334,15.400769473859372,50.0,stage_2,411.39934182083687,-36.23,15.400769473859372
opt_anneal_energy_C,opt_anneal_energy_C__pa_pb1_wide_304814_2.out__8,0,CHMNRYWHFCRKKQL,EHMNRYWIFCRKKQL,80,30,50,0.5,-3.81,hard_steps_median,True,0.2916666666666667,12.574500736821415,49.0,stage_2,338.8265089968961,-30.06,12.526597876871621
opt_anneal_energy_C,opt_anneal_energy_C__pa_pb1_wide_304814_2.out__9,1,CHMNRYWHFCRKKQL,QHMNRYWHFNRKKQL,80,30,50,0.5,-3.51,hard_steps_median,True,0.338,16.45463239275488,50.0,stage_2,439.28838688360804,-37.86,16.45463239275488
opt_anneal_energy_C,opt_anneal_energy_C__pa_pb1_wide_304814_2.out__10,2,CHMNRYWHFCRKKQL,KHMNRYWRFNRKKQL,80,30,50,0.5,-3.61,hard_steps_median,True,0.35366666666666674,11.170946940292396,47.0,stage_2,314.1230041207864,-26.93,11.1230440803426
opt_anneal_energy_C,opt_anneal_energy_C__pa_pb1_wide_304814_2.out__11,3,CHMNRYWHFCRKKQL,MHMNRYWIFNRKKQL,80,30,50,0.5,-4.15,hard_steps_median,True,0.3446666666666668,16.569599256634394,50.0,stage_2,394.97824143004686,-38.74,16.569599256634394
opt_anneal_energy_C,opt_anneal_energy_C__pa_pb1_wide_304814_2.out__12,0,CHCNVYDHFAKKESL,NHCNVYDHFAKKESL,80,30,50,0.5,-3.25,hard_steps_median,True,0.19,14.222359119094392,50.0,stage_2,364.71800479976076,-32.94,14.222359119094392
opt_anneal_energy_C,opt_anneal_energy_C__pa_pb1_wide_304814_2.out__13,1,CHCNVYDHFAKKESL,FHCNWYQHFAKKESL,80,30,50,0.5,-4.03,hard_steps_median,True,0.26833333333333337,11.558960105885742,50.0,stage_2,283.0771605873237,-28.16,11.558960105885742
opt_anneal_energy_C,opt_anneal_energy_C__pa_pb1_wide_304814_2.out__14,2,CHCNVYDHFAKKESL,THPNWYLRFAKKESL,80,30,50,0.5,-3.25,hard_steps_median,True,0.3203333333333333,12.392469869012192,50.0,stage_2,257.1042299225444,-29.12,12.392469869012192
opt_anneal_energy_C,opt_anneal_energy_C__pa_pb1_wide_304814_2.out__15,3,CHCNVYDHFAKKESL,WHPNVMAHFAKKKSL,80,30,50,0.5,-4.53,hard_steps_median,True,0.3689999999999999,11.740990973694966,50.0,stage_2,278.96709520363123,-29.04,11.740990973694966
opt_anneal_energy_C,opt_anneal_energy_C__pa_pb1_wide_304814_2.out__16,0,CWMNRYWHPCAKEWA,RWMNRFWHPNWKEWA,80,30,50,0.5,-3.94,hard_steps_median,True,0.28066666666666673,20.928759512065817,50.0,stage_2,540.1143265059383,-47.63,20.928759512065817
opt_anneal_energy_C,opt_anneal_energy_C__pa_pb1_wide_304814_2.out__17,1,CWMNRYWHPCAKEWA,NWMNRTWHPNAKEWA,80,30,50,0.5,-4.02,hard_steps_median,True,0.316,18.528826228581046,50.0,stage_2,494.80301127942647,-42.7,18.528826228581046
opt_anneal_energy_C,opt_anneal_energy_C__pa_pb1_wide_304814_2.out__18,2,CWMNRYWHPCAKEWA,NWMNRYWHPNAKEWA,80,30,50,0.5,-3.29,hard_steps_median,True,0.30866666666666664,19.755139443295818,50.0,stage_2,542.4855180734532,-44.53,19.755139443295818
opt_anneal_energy_C,opt_anneal_energy_C__pa_pb1_wide_304814_2.out__19,3,CWMNRYWHPCAKEWA,QWMNRFMHIWAKEWA,80,30,50,0.5,0.21,hard_steps_median,True,0.22200000000000003,16.641453546559084,49.0,stage_2,567.0788463716785,-34.53,16.58397011461933
opt_anneal_energy_C,opt_anneal_energy_C__pa_pb1_wide_304814_2.out__20,0,CWPNVYWLFCRMEQL,IWMNVFWIPCRMEQL,80,30,50,0.5,-4.98,hard_steps_median,True,0.1903333333333333,15.563639197688675,50.0,stage_2,373.0243607150554,-37.47,15.563639197688675
opt_anneal_energy_C,opt_anneal_energy_C__pa_pb1_wide_304814_2.out__21,1,CWPNVYWLFCRMEQL,EWPNVYWIFCRMEQL,80,30,50,0.5,-4.29,hard_steps_median,True,0.23033333333333336,11.496686387951009,50.0,stage_2,328.98247127721305,-28.29,11.496686387951009
opt_anneal_energy_C,opt_anneal_energy_C__pa_pb1_wide_304814_2.out__22,2,CWPNVYWLFCRMEQL,CWPNVNPLFCRMEQL,80,30,50,0.5,-1.6,hard_steps_median,True,0.3383333333333333,11.899070411529294,50.0,stage_2,319.7899124528472,-26.44,11.899070411529294
opt_anneal_energy_C,opt_anneal_energy_C__pa_pb1_wide_304814_2.out__23,3,CWPNVYWLFCRMEQL,CWPNVDWLFCRMEQL,80,30,50,0.5,-3.45,hard_steps_median,True,0.29800000000000004,11.156576082307458,50.0,stage_2,311.8476182731711,-26.74,11.156576082307458
opt_anneal_energy_C,opt_anneal_energy_C__pa_pb1_wide_304814_2.out__24,0,CHCNVHEHFHRTELL,SHTNVREAFHRTELL,80,30,50,0.5,-0.26,hard_steps_median,True,0.38233333333333336,10.179357739331621,50.0,stage_2,301.84550111565375,-21.51,10.179357739331621
opt_anneal_energy_C,opt_anneal_energy_C__pa_pb1_wide_304814_2.out__25,1,CHCNVHEHFHRTELL,PHGNVKEHFHRTELL,80,30,50,0.5,2.51,hard_steps_median,True,0.36433333333333334,11.410461240041377,50.0,stage_2,369.355001642901,-21.31,11.410461240041377
opt_anneal_energy_C,opt_anneal_energy_C__pa_pb1_wide_304814_2.out__26,2,CHCNVHEHFHRTELL,CHPNVHEHIHRTELL,80,30,50,0.5,2.4,hard_steps_median,True,0.19933333333333333,12.04756927737366,50.0,stage_2,380.4828360092386,-22.75,12.04756927737366
opt_anneal_energy_C,opt_anneal_energy_C__pa_pb1_wide_304814_2.out__27,3,CHCNVHEHFHRTELL,SHGNVHEHFRRTKLL,80,30,50,0.5,0.98,hard_steps_median,True,0.5606666666666666,11.324236092131743,50.0,stage_2,356.1529734407373,-22.66,11.324236092131743
opt_anneal_energy_C,opt_anneal_energy_C__pa_pb1_wide_304814_2.out__28,0,IHCEVHCHRKRKGGL,IWFEVHAARKRKGGL,80,30,50,0.5,-3.62,hard_steps_median,True,0.316,9.776973715753337,50.0,stage_2,269.01288090606363,-24.03,9.776973715753337
opt_anneal_energy_C,opt_anneal_energy_C__pa_pb1_wide_304814_2.out__29,1,IHCEVHCHRKRKGGL,IHWEVHQFRKRKGGL,80,30,50,0.5,-2.9,hard_steps_median,True,0.3093333333333334,11.25717208820203,50.0,stage_2,313.95534411096213,-26.4,11.25717208820203
opt_anneal_energy_C,opt_anneal_energy_C__pa_pb1_wide_304814_2.out__30,2,IHCEVHCHRKRKGGL,IWSEVELHRKRKGGL,80,30,50,0.5,-4.01,hard_steps_median,True,0.29066666666666663,9.374589692175052,50.0,stage_2,250.4936352494726,-23.58,9.374589692175052
opt_anneal_energy_C,opt_anneal_energy_C__pa_pb1_wide_304814_2.out__31,3,IHCEVHCHRKRKGGL,IHWEVHGHRKRKGGL,80,30,50,0.5,-3.99,hard_steps_median,True,0.30033333333333345,10.145825737366765,49.0,stage_2,292.5475559993983,-25.17,10.112293735401908
opt_anneal_energy_C,opt_anneal_energy_C__pa_pb1_wide_304814_2.out__32,0,CVCNVYDHFARKEML,CVCNVGDHFARKEML,80,30,50,0.5,-0.86,hard_steps_median,True,0.1916666666666667,11.396090382056437,50.0,stage_2,338.8121381389112,-24.65,11.396090382056437
opt_anneal_energy_C,opt_anneal_energy_C__pa_pb1_wide_304814_2.out__33,1,CVCNVYDHFARKEML,FVCNVYDRFARKEML,80,30,50,0.5,-3.31,hard_steps_median,True,0.32766666666666666,11.626024109815457,50.0,stage_2,345.1784282262391,-27.58,11.626024109815457
opt_anneal_energy_C,opt_anneal_energy_C__pa_pb1_wide_304814_2.out__34,2,CVCNVYDHFARKEML,YVWNVYWHFARKKML,80,30,50,0.5,-4.12,hard_steps_median,True,0.32933333333333337,10.169777167341662,50.0,stage_2,297.3905351403227,-25.35,10.169777167341662
opt_anneal_energy_C,opt_anneal_energy_C__pa_pb1_wide_304814_2.out__35,3,CVCNVYDHFARKEML,FVGNVQEHFARKKTL,80,30,50,0.5,-5.25,hard_steps_median,True,0.35699999999999993,7.683618735947257,48.0,stage_2,182.72545927849637,-21.29,7.621345018012523
opt_anneal_energy_C,opt_anneal_energy_C__pa_pb1_wide_304814_2.out__36,0,CVMNRYDHRCRKEWL,WVMNRQDHRARKEWL,80,30,50,0.5,-1.36,hard_steps_median,True,0.37899999999999995,10.519468044975174,50.0,stage_2,289.17519465893275,-23.32,10.519468044975174
opt_anneal_energy_C,opt_anneal_energy_C__pa_pb1_wide_304814_2.out__37,1,CVMNRYDHRCRKEWL,DVMNRIDHRLRKEWL,80,30,50,0.5,-0.99,hard_steps_median,True,0.5156666666666667,10.830836634648847,50.0,stage_2,287.17764539902623,-23.6,10.830836634648847
opt_anneal_energy_C,opt_anneal_energy_C__pa_pb1_wide_304814_2.out__38,2,CVMNRYDHRCRKEWL,WVMNWYDHRARKEKL,80,30,50,0.5,-2.62,hard_steps_median,True,0.40700000000000003,7.841698173781582,50.0,stage_2,212.08512214172623,-18.99,7.841698173781582
opt_anneal_energy_C,opt_anneal_energy_C__pa_pb1_wide_304814_2.out__39,3,CVMNRYDHRCRKEWL,CWMNWYEHRARKEWL,80,30,50,0.5,-1.9,hard_steps_median,True,0.4413333333333333,13.427171643927782,50.0,stage_2,325.54304593281773,-29.93,13.427171643927782
opt_anneal_energy_C,opt_anneal_energy_C__pa_pb1_wide_304814_2.out__40,0,VHGYRYEHRKRKKKL,VHWYIQEHRKRKKKL,80,30,50,0.5,-4.95,hard_steps_median,True,0.36300000000000004,11.913441269514232,50.0,stage_2,332.55123434347286,-29.82,11.913441269514232
