population,n_sequences,n_reads,aromatic_fraction,A,C,D,E,F,G,H,I,K,L,M,N,P,Q,R,S,T,V,W,Y
BLI_all,23,,0.2,0.028985507246376812,0.0,0.06666666666666667,0.002898550724637681,0.10144927536231885,0.0,0.002898550724637681,0.017391304347826087,0.08405797101449275,0.2144927536231884,0.03188405797101449,0.06666666666666667,0.13333333333333333,0.09565217391304348,0.020289855072463767,0.002898550724637681,0.008695652173913044,0.02318840579710145,0.0463768115942029,0.05217391304347826
WT,1,,0.06666666666666667,0.06666666666666667,0.0,0.06666666666666667,0.0,0.06666666666666667,0.0,0.0,0.0,0.06666666666666667,0.2,0.06666666666666667,0.06666666666666667,0.13333333333333333,0.06666666666666667,0.0,0.0,0.06666666666666667,0.13333333333333333,0.0,0.0
library_round1,4771,122438.0,0.15911236707558113,0.04931693319612103,0.0008047610491296275,0.06671185960785594,0.0026222795755130486,0.11535525463227647,0.0304600423615762,0.0007361548974446931,0.005099723941913458,0.054807603303985146,0.25210855017777706,0.012757477253793757,0.05415039993030486,0.1324066057923194,0.08708952013808349,0.04135371916126257,0.005426964395585249,0.002573275181452381,0.042461762960301,0.034000337585825754,0.009756774857478888
training_decile_0,2633,3264.0,0.12816584967320263,0.06966911764705883,0.02077205882352941,0.06828022875816993,0.028594771241830064,0.08459967320261438,0.10755718954248367,0.0023080065359477125,0.010661764705882353,0.036601307189542485,0.13766339869281047,0.0122140522875817,0.04863153594771242,0.11288807189542484,0.07694035947712419,0.06276552287581699,0.025,0.003696895424836601,0.04758986928104575,0.0366421568627451,0.006924019607843137
training_decile_1,2633,3169.0,0.09104870095718945,0.06576207005364468,0.007594404123277585,0.06281687177868939,0.046449984222152095,0.04053855054170611,0.1275901966971705,0.0036394235826233304,0.0255180393394341,0.043525823077732194,0.10512254128536867,0.012496055538024613,0.047333543704638686,0.10390238771431577,0.0790996108130851,0.10022088987062165,0.03241821815504365,0.0048806142842116335,0.0405806248027769,0.03460607973072473,0.0159040706847586
training_decile_2,2633,3486.0,0.13893669917766305,0.06310958118187034,0.014056224899598393,0.0665136737425894,0.015050678906100593,0.09124115509657678,0.04937846624593613,0.0018550392044367947,0.012449799196787148,0.04161407534901511,0.22849493210938995,0.015758271179957928,0.05228533180340409,0.11535666475425511,0.06993689041881813,0.031822528208070376,0.019946452476572958,0.0024478867852361827,0.06098680436029834,0.03931918148785619,0.008376362593230062
training_decile_3,2633,3648.0,0.13559941520467836,0.04322002923976608,0.0043494152046783625,0.06728801169590644,0.014016812865497077,0.08174342105263158,0.0356359649122807,0.003490497076023392,0.012755847953216375,0.042964181286549705,0.1731359649122807,0.06630116959064328,0.06615497076023392,0.1251827485380117,0.09676535087719298,0.051900584795321635,0.02178362573099415,0.009576023391812866,0.02987938596491228,0.03649488304093567,0.017361111111111112
training_decile_4,2633,4073.0,0.1370979621900319,0.02942957688845241,0.003355430067926999,0.06904001964154186,0.017202717079957443,0.056665848269089124,0.041181766101972335,0.002667976102790736,0.010197233816187904,0.041198134053523204,0.1733857107782961,0.01363450364186922,0.06277109419756118,0.12747360667812424,0.13045257386038137,0.09033472460921516,0.02031262787462149,0.01003355430067927,0.020230788116867175,0.03217939274899746,0.04825272117194533
training_decile_5,2633,3433.0,0.11672977959025148,0.05771434119817458,0.0071269055248082335,0.06598698902806098,0.026604524711137004,0.06973492572094378,0.061229245557821145,0.0019030973880959316,0.00875813185746189,0.04307214292649772,0.13426546266627828,0.014292649771822506,0.052471113700359256,0.11748713467326925,0.08204680066025828,0.09872803184775221,0.03699388290125255,0.01407903679968929,0.060510729197009415,0.03495484998543548,0.01204000388387222
training_decile_6,2633,3504.0,0.13864155251141552,0.05747716894977169,0.007914764079147641,0.06358447488584475,0.018417047184170473,0.0648972602739726,0.055974124809741246,0.0021689497716894978,0.009417808219178082,0.03264840182648402,0.16746575342465753,0.01997716894977169,0.05009512937595129,0.115220700152207,0.08243911719939118,0.045319634703196346,0.02442922374429224,0.003995433789954338,0.10481354642313546,0.06017884322678843,0.01356544901065449
training_decile_7,2633,3579.0,0.16846418925211884,0.04865418645804229,0.01138120517835522,0.06640588618794821,0.019912452267858805,0.06322063891217286,0.0657725621682034,0.002309769954363416,0.014845860109900345,0.03738474434199497,0.15389773679798827,0.013188041352333054,0.056533482350749745,0.11826394709881717,0.08680264505914129,0.059923628574089595,0.02618981093415293,0.006947937040141567,0.043121914873800876,0.0667039210207693,0.03853962931917668
training_decile_8,2633,5280.0,0.13005050505050506,0.054924242424242424,0.006338383838383838,0.06568181818181819,0.023383838383838385,0.07488636363636364,0.056363636363636366,0.0021843434343434345,0.015593434343434343,0.049406565656565656,0.16279040404040404,0.027234848484848483,0.06366161616161616,0.11853535353535354,0.08553030303030303,0.07236111111111111,0.020896464646464646,0.006856060606060606,0.03820707070707071,0.03217171717171717,0.02299242424242424
training_decile_9,2633,78795.0,0.20000084607737378,0.033519893394250905,0.0003265858662774711,0.06701102015779344,0.00185121729382152,0.0992228779321869,0.004413985658988514,0.0006218668697252364,0.013268185375552594,0.05770586120100683,0.21677686824460096,0.01862554730630116,0.07061700192482602,0.1332436491317131,0.10475283964718574,0.021079171690251072,0.009773039744484633,0.006733929817881845,0.03967849059796518,0.046584174122723525,0.054193794022463354
BLI_Q1_tightest,6,,0.19999999999999998,0.044444444444444446,0.0,0.06666666666666667,0.0,0.12222222222222222,0.0,0.0,0.011111111111111112,0.1,0.2111111111111111,0.022222222222222223,0.06666666666666667,0.13333333333333333,0.06666666666666667,0.011111111111111112,0.0,0.0,0.06666666666666667,0.044444444444444446,0.03333333333333333
BLI_Q2,6,,0.21111111111111114,0.022222222222222223,0.0,0.06666666666666667,0.0,0.1,0.0,0.0,0.03333333333333333,0.05555555555555555,0.2,0.044444444444444446,0.06666666666666667,0.13333333333333333,0.1111111111111111,0.03333333333333333,0.011111111111111112,0.011111111111111112,0.0,0.044444444444444446,0.06666666666666667
BLI_Q3,5,,0.2,0.013333333333333334,0.0,0.06666666666666667,0.013333333333333334,0.08,0.0,0.0,0.013333333333333334,0.12,0.22666666666666666,0.013333333333333334,0.06666666666666667,0.13333333333333333,0.12,0.0,0.0,0.013333333333333334,0.0,0.04,0.08
BLI_Q4_weakest,6,,0.18888888888888888,0.03333333333333333,0.0,0.06666666666666667,0.0,0.1,0.0,0.011111111111111112,0.011111111111111112,0.06666666666666667,0.2222222222222222,0.044444444444444446,0.06666666666666667,0.13333333333333333,0.08888888888888889,0.03333333333333333,0.0,0.011111111111111112,0.022222222222222223,0.05555555555555555,0.03333333333333333
